DOR Code,Municipality,County,2004,2005,2006,2007,2008,2009,2010,2011,2012,2013,2014,2015,2016,2017,2018,2019
001,Abington,PLYMOUTH,"16,264","16,351","16,378","16,365","16,689","16,789","15,985","16,042","16,060","16,124","16,179","16,227","16,322","16,400","16,516","16,668"
002,Acton,MIDDLESEX,"20,660","20,562","20,586","20,753","20,797","21,234","21,924","22,261","22,599","22,891","23,253","23,549","23,610","23,712","23,738","23,662"
003,Acushnet,BRISTOL,"10,582","10,544","10,518","10,443","10,368","10,377","10,303","10,309","10,326","10,350","10,415","10,477","10,473","10,507","10,580","10,625"
004,Adams,BERKSHIRE,"8,508","8,455","8,371","8,214","8,295","8,247","8,485","8,420","8,383","8,332","8,260","8,187","8,161","8,104","8,077","8,010"
005,Agawam,HAMPDEN,"28,616","28,599","28,510","28,333","28,091","28,616","28,438","28,573","28,608","28,705","28,728","28,839","28,693","28,696","28,854","28,613"
006,Alford,BERKSHIRE,393,400,398,394,392,390,494,495,492,491,495,495,493,491,491,488
007,Amesbury,ESSEX,"16,737","16,643","16,542","16,429","16,584","16,708","16,283","16,437","16,535","16,650","17,294","17,414","17,337","17,474","17,569","17,532"
008,Amherst,HAMPSHIRE,"34,255","34,047","34,049","35,962","35,565","36,246","37,819","38,991","39,016","38,919","39,826","39,833","40,036","39,523","39,503","39,924"
009,Andover,ESSEX,"32,141","33,042","33,475","33,284","33,418","33,700","33,201","33,869","34,142","34,477","35,035","35,299","35,475","35,803","36,403","36,356"
010,Arlington,MIDDLESEX,"41,546","41,224","41,075","41,144","40,993","41,724","42,844","43,293","43,711","44,028","44,477","44,815","45,226","45,385","45,624","45,531"
011,Ashburnham,WORCESTER,"5,901","5,981","5,996","5,959","5,974","6,070","6,081","6,110","6,134","6,155","6,181","6,209","6,224","6,306","6,346","6,348"
012,Ashby,MIDDLESEX,"2,926","2,930","2,943","2,944","2,927","3,108","3,074","3,106","3,140","3,161","3,209","3,226","3,205","3,219","3,234","3,219"
013,Ashfield,FRANKLIN,"1,820","1,825","1,822","1,815","1,822","1,827","1,737","1,740","1,739","1,733","1,729","1,723","1,726","1,733","1,734","1,717"
014,Ashland,MIDDLESEX,"15,528","15,551","15,678","15,796","15,807","15,383","16,593","16,801","16,993","17,150","17,317","17,573","17,571","17,671","17,739","17,807"
015,Athol,WORCESTER,"11,673","11,697","11,661","11,601","11,570","11,862","11,584","11,620","11,631","11,619","11,626","11,654","11,670","11,717","11,753","11,732"
016,Attleboro,BRISTOL,"43,506","43,382","43,283","43,113","42,833","43,645","43,593","43,689","43,837","43,886","44,074","44,284","44,413","44,744","45,117","45,237"
017,Auburn,WORCESTER,"16,381","16,400","16,375","16,259","16,222","16,474","16,188","16,237","16,287","16,315","16,414","16,516","16,604","16,683","16,782","16,766"
018,Avon,NORFOLK,"4,385","4,340","4,328","4,303","4,300","4,375","4,356","4,374","4,386","4,454","4,490","4,498","4,496","4,504","4,519","4,549"
019,Ayer,MIDDLESEX,"7,212","7,228","7,315","7,369","7,399","7,854","7,427","7,585","7,688","7,821","7,913","8,001","8,086","8,127","8,164","8,196"
020,Barnstable,BARNSTABLE,"48,535","47,826","47,380","46,738","46,184","46,297","45,193","44,932","44,824","44,641","44,487","44,331","44,155","44,165","44,460","44,477"
021,Barre,WORCESTER,"5,357","5,380","5,427","5,419","5,431","5,616","5,398","5,416","5,429","5,446","5,464","5,496","5,515","5,570","5,592","5,578"
022,Becket,BERKSHIRE,"1,775","1,786","1,799","1,797","1,801","1,802","1,779","1,779","1,778","1,779","1,768","1,762","1,738","1,729","1,730","1,716"
023,Bedford,MIDDLESEX,"12,519","12,462","12,884","13,146","13,545","13,814","13,320","13,531","13,765","13,975","14,082","14,171","14,139","14,176","14,195","14,123"
024,Belchertown,HAMPSHIRE,"13,846","13,958","14,103","13,971","14,233","14,141","14,649","14,708","14,719","14,735","14,858","14,929","14,962","15,077","15,134","15,098"
025,Bellingham,NORFOLK,"15,762","15,784","15,896","15,908","15,900","15,853","16,332","16,425","16,521","16,675","16,793","16,891","17,017","17,121","17,182","17,270"
026,Belmont,MIDDLESEX,"23,604","23,371","23,308","23,356","23,291","23,675","24,729","24,941","25,204","25,332","25,515","25,584","26,324","26,337","26,330","26,116"
027,Berkley,BRISTOL,"6,351","6,375","6,391","6,433","6,462","6,498","6,411","6,460","6,499","6,516","6,584","6,658","6,675","6,697","6,802","6,851"
028,Berlin,WORCESTER,"2,677","2,689","2,719","2,699","2,853","2,950","2,866","2,895","2,902","2,942","2,979","3,020","3,136","3,179","3,220","3,240"
029,Bernardston,FRANKLIN,"2,215","2,238","2,234","2,225","2,230","2,235","2,129","2,137","2,134","2,123","2,111","2,101","2,107","2,107","2,114","2,090"
030,Beverly,ESSEX,"40,166","39,876","39,538","39,490","39,343","39,513","39,502","40,046","40,286","40,664","41,081","41,186","41,649","41,961","42,312","42,174"
031,Billerica,MIDDLESEX,"39,951","39,963","41,391","42,038","41,844","39,865","40,243","41,045","41,454","41,888","42,403","42,683","42,753","43,707","43,784","43,367"
032,Blackstone,WORCESTER,"9,055","9,057","9,032","9,042","9,021","9,725","9,026","9,040","9,059","9,079","9,092","9,104","9,233","9,310","9,326","9,288"
033,Blandford,HAMPDEN,"1,264","1,267","1,276","1,279","1,270","1,301","1,233","1,238","1,240","1,246","1,256","1,259","1,247","1,250","1,260","1,252"
034,Bolton,WORCESTER,"4,389","4,435","4,472","4,481","4,530","4,604","4,897","4,981","5,016","5,075","5,133","5,180","5,223","5,286","5,376","5,426"
035,Boston,SUFFOLK,"569,165","559,034","590,763","608,352","620,535","645,169","617,594","628,335","636,479","645,966","660,278","667,137","680,470","688,276","694,583","692,600"
036,Bourne,BARNSTABLE,"19,516","19,356","19,224","19,023","19,392","19,390","19,754","19,837","19,806","19,733","19,739","19,681","19,883","19,872","19,872","19,762"
037,Boxborough,MIDDLESEX,"5,044","5,062","5,073","5,097","5,081","5,174","4,996","5,058","5,105","5,137","5,173","5,206","5,791","6,383","6,388","5,793"
038,Boxford,ESSEX,"8,221","8,177","8,127","8,074","8,131","8,164","7,965","8,039","8,087","8,163","8,203","8,253","8,247","8,305","8,367","8,332"
039,Boylston,WORCESTER,"4,181","4,259","4,256","4,266","4,264","4,373","4,355","4,357","4,393","4,431","4,476","4,534","4,572","4,635","4,688","4,712"
040,Braintree,NORFOLK,"33,873","33,681","34,185","34,422","35,294","35,296","35,744","36,008","36,249","36,727","37,414","37,497","37,187","37,242","37,250","37,190"
041,Brewster,BARNSTABLE,"10,368","10,242","10,143","10,023","9,936","9,976","9,820","9,821","9,806","9,754","9,947","9,918","9,841","9,846","9,806","9,775"
042,Bridgewater,PLYMOUTH,"25,723","25,720","25,695","25,514","27,218","27,263","26,563","26,860","26,902","26,506","27,531","27,628","27,382","27,275","27,395","27,619"
043,Brimfield,HAMPDEN,"3,600","3,639","3,695","3,695","3,708","3,813","3,609","3,624","3,660","3,708","3,723","3,741","3,727","3,737","3,772","3,680"
044,Brockton,PLYMOUTH,"95,009","94,632","94,191","93,092","93,007","93,529","93,810","94,133","94,094","94,089","94,800","95,314","95,391","95,659","95,777","95,708"
045,Brookfield,WORCESTER,"3,101","3,096","3,070","3,030","3,007","3,400","3,390","3,397","3,403","3,381","3,400","3,411","3,423","3,442","3,458","3,452"
046,Brookline,NORFOLK,"56,188","55,590","55,241","54,809","54,896","56,410","58,732","58,934","59,115","59,128","59,388","59,195","59,141","59,266","59,310","59,121"
047,Buckland,FRANKLIN,"1,986","1,995","2,001","1,990","1,989","1,989","1,902","1,907","1,902","1,889","1,872","1,864","1,872","1,875","1,875","1,850"
048,Burlington,MIDDLESEX,"23,223","23,299","24,895","25,034","24,985","25,688","24,498","24,920","25,165","25,463","25,699","25,920","26,782","27,881","28,742","28,627"
049,Cambridge,MIDDLESEX,"100,771","100,135","101,365","101,388","105,596","108,780","105,162","105,792","106,471","107,289","109,700","110,402","115,730","117,133","118,977","118,927"
050,Canton,NORFOLK,"21,505","21,571","21,772","21,916","22,048","22,382","21,561","21,764","21,932","22,221","22,551","22,817","23,235","23,410","23,629","23,805"
051,Carlisle,MIDDLESEX,"4,830","4,829","4,852","4,882","4,874","4,878","4,852","4,918","4,978","5,028","5,107","5,245","5,216","5,224","5,247","5,252"
052,Carver,PLYMOUTH,"11,492","11,562","11,578","11,547","11,574","12,034","11,509","11,536","11,521","11,494","11,573","11,629","11,657","11,718","11,777","11,767"
053,Charlemont,FRANKLIN,"1,396","1,388","1,377","1,367","1,378","1,386","1,266","1,265","1,263","1,251","1,245","1,234","1,241","1,242","1,245","1,233"
054,Charlton,WORCESTER,"12,295","12,475","12,567","12,576","12,585","12,637","12,981","13,059","13,119","13,175","13,308","13,406","13,453","13,582","13,697","13,713"
055,Chatham,BARNSTABLE,"6,860","6,832","6,783","6,726","6,701","6,753","6,125","6,128","6,141","6,131","6,138","6,143","6,148","6,167","6,160","5,982"
056,Chelmsford,MIDDLESEX,"33,769","33,759","33,707","34,128","34,409","34,111","33,802","34,220","34,545","34,722","35,028","35,149","35,021","35,016","35,313","35,391"
057,Chelsea,SUFFOLK,"33,227","32,518","32,792","38,203","41,577","37,483","35,177","36,112","36,828","37,670","38,263","39,398","40,288","40,333","40,160","39,690"
058,Cheshire,BERKSHIRE,"3,355","3,357","3,343","3,299","3,314","3,304","3,235","3,225","3,219","3,192","3,177","3,158","3,157","3,148","3,144","3,129"
059,Chester,HAMPDEN,"1,326","1,321","1,313","1,296","1,287","1,308","1,337","1,347","1,351","1,360","1,365","1,372","1,381","1,381","1,384","1,369"
060,Chesterfield,HAMPSHIRE,"1,262","1,272","1,275","1,273","1,288","1,270","1,222","1,232","1,235","1,239","1,249","1,249","1,258","1,256","1,258","1,249"
061,Chicopee,HAMPDEN,"54,838","54,680","54,428","53,876","54,941","55,994","55,298","55,518","55,490","55,717","56,545","56,741","55,342","55,363","55,582","55,126"
062,Chilmark,DUKES,934,945,953,963,971,894,866,884,900,913,916,916,915,916,917,922
063,Clarksburg,BERKSHIRE,"1,667","1,663","1,652","1,631","1,619","1,615","1,702","1,692","1,689","1,679","1,670","1,659","1,660","1,651","1,650","1,638"
064,Clinton,WORCESTER,"13,890","13,995","14,163","14,030","13,965","14,196","13,606","13,633","13,668","13,697","13,750","13,805","13,873","13,958","14,022","14,000"
065,Cohasset,NORFOLK,"7,274","7,222","7,223","7,182","7,169","7,409","7,542","8,144","8,195","8,273","8,342","8,393","8,459","8,511","8,541","8,548"
066,Colrain,FRANKLIN,"1,860","1,859","1,852","1,840","1,879","1,855","1,671","1,678","1,673","1,661","1,654","1,647","1,655","1,666","1,677","1,661"
067,Concord,MIDDLESEX,"16,919","16,833","16,789","17,482","17,450","17,580","17,668","18,758","18,957","19,285","19,512","19,830","19,167","19,162","19,211","18,918"
068,Conway,FRANKLIN,"1,889","1,905","1,899","1,884","1,896","1,899","1,897","1,909","1,904","1,902","1,885","1,881","1,883","1,884","1,892","1,873"
069,Cummington,HAMPSHIRE,994,988,982,974,964,972,872,870,870,867,873,871,873,876,878,874
070,Dalton,BERKSHIRE,"6,736","6,700","6,657","6,582","6,593","6,553","6,756","6,742","6,733","6,725","6,689","6,661","6,635","6,590","6,569","6,525"
071,Danvers,ESSEX,"25,659","26,045","25,833","26,736","26,762","27,232","26,493","26,880","27,020","27,483","27,724","27,849","27,437","27,555","27,727","27,549"
072,Dartmouth,BRISTOL,"31,317","31,389","31,366","34,005","33,899","34,420","34,032","34,339","34,448","34,557","34,564","34,715","34,172","34,081","34,307","34,188"
073,Dedham,NORFOLK,"23,225","23,736","23,615","24,132","24,630","24,825","24,729","24,884","24,974","25,299","25,411","25,397","25,391","25,310","25,334","25,219"
074,Deerfield,FRANKLIN,"4,798","4,786","4,757","4,731","4,694","4,692","5,125","5,127","5,119","5,089","5,047","5,015","5,027","5,031","5,042","4,991"
075,Dennis,BARNSTABLE,"16,123","15,891","15,691","15,473","15,349","15,434","14,207","14,176","14,153","14,067","14,025","14,005","13,964","13,922","13,885","13,871"
076,Dighton,BRISTOL,"6,628","6,665","6,715","6,748","6,724","6,779","7,086","7,094","7,152","7,214","7,312","7,399","7,540","7,706","7,891","7,967"
077,Douglas,WORCESTER,"7,762","7,885","7,957","7,924","7,955","8,099","8,471","8,530","8,572","8,624","8,683","8,728","8,746","8,867","8,954","9,038"
078,Dover,NORFOLK,"5,657","5,641","5,641","5,627","5,644","5,723","5,589","5,667","5,722","5,797","5,887","5,961","5,982","6,049","6,101","6,127"
079,Dracut,MIDDLESEX,"28,681","28,892","29,385","29,498","29,501","29,415","29,457","29,894","30,220","30,687","31,093","31,352","31,141","31,503","31,747","31,634"
080,Dudley,WORCESTER,"10,775","10,812","10,830","11,055","11,073","11,224","11,390","11,511","11,557","11,516","11,540","11,587","11,690","11,757","11,802","11,773"
081,Dunstable,MIDDLESEX,"3,101","3,154","3,222","3,290","3,323","3,375","3,179","3,250","3,303","3,346","3,390","3,435","3,341","3,372","3,404","3,403"
082,Duxbury,PLYMOUTH,"14,691","14,660","14,599","14,444","14,496","14,362","15,059","15,115","15,172","15,288","15,370","15,483","15,849","15,930","15,946","15,921"
083,East Bridgewater,PLYMOUTH,"13,692","13,859","13,937","13,879","13,996","14,097","13,794","13,899","13,955","14,090","14,249","14,343","14,417","14,467","14,496","14,526"
084,East Brookfield,WORCESTER,"2,121","2,111","2,094","2,069","2,057","2,088","2,183","2,184","2,186","2,183","2,187","2,187","2,189","2,195","2,215","2,210"
085,East Longmeadow,HAMPDEN,"14,811","14,886","14,937","15,222","15,332","15,936","15,720","15,833","15,896","16,022","16,119","16,213","16,196","16,239","16,296","16,192"
086,Eastham,BARNSTABLE,"5,622","5,551","5,509","5,445","5,438","5,463","4,956","4,951","4,946","4,932","4,923","4,915","4,891","4,883","4,871","4,906"
087,Easthampton,HAMPSHIRE,"16,089","16,004","16,082","16,064","16,195","16,324","16,053","16,024","16,007","15,971","16,054","16,030","16,051","16,026","15,987","15,829"
088,Easton,BRISTOL,"23,061","23,028","23,031","22,969","23,209","23,005","23,112","23,281","23,352","23,753","23,640","23,908","23,997","24,958","25,050","25,105"
089,Edgartown,DUKES,"3,940","3,935","3,918","3,920","3,932","4,054","4,067","4,138","4,209","4,278","4,297","4,306","4,314","4,320","4,343","4,348"
090,Egremont,BERKSHIRE,"1,348","1,356","1,362","1,350","1,351","1,343","1,225","1,226","1,225","1,224","1,216","1,210","1,204","1,205","1,208","1,205"
091,Erving,FRANKLIN,"1,530","1,544","1,561","1,537","1,552","1,549","1,800","1,805","1,802","1,796","1,786","1,776","1,771","1,770","1,774","1,750"
092,Essex,ESSEX,"3,355","3,346","3,320","3,323","3,333","3,342","3,504","3,561","3,584","3,606","3,633","3,661","3,716","3,749","3,789","3,799"
093,Everett,MIDDLESEX,"37,195","36,837","37,008","37,269","37,353","38,303","41,667","42,118","42,567","42,935","44,741","46,050","46,011","46,196","46,880","46,451"
094,Fairhaven,BRISTOL,"16,335","16,222","16,266","16,124","16,112","16,111","15,873","15,870","15,900","16,065","16,074","16,140","16,020","16,032","16,094","16,078"
095,Fall River,BRISTOL,"92,526","91,802","91,474","90,905","90,931","90,885","88,857","88,842","88,945","88,697","88,727","88,777","89,288","89,274","89,661","89,541"
096,Falmouth,BARNSTABLE,"33,806","33,644","33,590","33,247","33,123","32,824","31,531","31,537","31,514","31,644","31,503","31,524","31,135","31,112","31,019","30,993"
097,Fitchburg,WORCESTER,"39,910","40,045","40,050","40,243","42,215","42,161","40,318","40,367","40,411","40,383","40,499","40,545","40,680","40,800","40,882","40,638"
098,Florida,BERKSHIRE,661,667,676,678,675,675,752,751,749,744,737,730,734,729,724,715
099,Foxborough,NORFOLK,"16,354","16,313","16,274","16,298","16,347","17,087","16,865","16,981","17,087","17,257","17,399","17,456","17,540","17,602","17,671","18,399"
100,Framingham,MIDDLESEX,"65,598","65,060","64,762","64,786","64,885","67,185","68,318","69,542","70,068","70,441","70,856","71,209","71,469","71,866","73,123","74,416"
101,Franklin,NORFOLK,"30,192","30,893","31,267","31,381","32,148","32,079","31,635","32,213","32,374","32,581","33,011","33,147","32,971","33,155","33,230","34,087"
102,Freetown,BRISTOL,"8,971","8,979","8,963","8,935","9,027","9,076","8,870","8,902","8,948","9,035","9,097","9,179","9,268","9,328","9,395","9,394"
103,Gardner,WORCESTER,"20,967","20,908","20,805","20,613","20,682","20,972","20,228","20,202","20,254","20,354","20,270","20,333","20,542","20,650","20,719","20,683"
104,Aquinnah,DUKES,359,356,354,354,357,370,311,316,319,322,329,328,328,327,327,320
105,Georgetown,ESSEX,"7,961","8,041","8,110","8,147","8,629","8,726","8,183","8,300","8,377","8,468","8,517","8,584","8,640","8,701","8,773","8,768"
106,Gill,FRANKLIN,"1,392","1,393","1,382","1,379","1,388","1,396","1,500","1,503","1,502","1,491","1,493","1,492","1,477","1,480","1,489","1,465"
107,Gloucester,ESSEX,"30,817","30,713","30,564","30,308","30,243","30,534","28,789","29,018","29,191","29,393","29,590","29,781","29,999","30,184","30,401","30,430"
108,Goshen,HAMPSHIRE,958,957,959,956,974,957,"1,054","1,056","1,056","1,058","1,070","1,070","1,070","1,066","1,064","1,059"
109,Gosnold,DUKES,87,86,85,84,83,85,75,75,76,76,77,77,77,76,75,75
110,Grafton,WORCESTER,"16,297","16,890","17,405","17,525","17,553","17,800","17,765","17,888","18,045","18,155","18,374","18,540","18,637","18,762","18,885","18,883"
111,Granby,HAMPSHIRE,"6,339","6,344","6,347","6,285","6,281","6,305","6,240","6,256","6,282","6,290","6,339","6,352","6,337","6,335","6,347","6,291"
112,Granville,HAMPDEN,"1,625","1,647","1,668","1,676","1,686","1,643","1,566","1,592","1,605","1,612","1,620","1,622","1,615","1,619","1,624","1,611"
113,Great Barrington,BERKSHIRE,"7,434","7,441","7,437","7,372","7,379","7,358","7,104","7,029","7,003","6,996","6,918","6,907","6,900","6,854","6,852","6,945"
114,Greenfield,FRANKLIN,"17,926","17,834","17,699","17,706","17,828","17,537","17,456","17,586","17,553","17,492","17,521","17,450","17,448","17,424","17,460","17,258"
115,Groton,MIDDLESEX,"10,369","10,437","10,585","10,641","10,632","10,781","10,646","10,900","11,017","11,115","11,225","11,296","11,308","11,336","11,386","11,325"
116,Groveland,ESSEX,"6,472","6,608","6,769","6,923","7,198","7,456","6,459","6,631","6,794","7,019","6,683","6,750","6,732","6,785","6,850","6,849"
117,Hadley,HAMPSHIRE,"4,860","4,822","4,812","4,787","4,732","4,753","5,250","5,257","5,270","5,271","5,340","5,352","5,294","5,320","5,346","5,342"
118,Halifax,PLYMOUTH,"7,781","7,809","7,787","7,700","7,692","7,790","7,518","7,539","7,546","7,606","7,761","7,834","7,822","7,864","7,890","7,896"
119,Hamilton,ESSEX,"8,426","8,349","8,267","8,188","8,155","8,251","7,764","8,034","8,072","8,131","8,146","8,179","8,021","8,054","8,098","8,051"
120,Hampden,HAMPDEN,"5,316","5,318","5,328","5,305","5,400","5,386","5,139","5,155","5,156","5,179","5,197","5,223","5,183","5,178","5,220","5,177"
121,Hancock,BERKSHIRE,"1,012","1,026","1,034","1,082","1,112","1,264",717,717,716,717,713,710,704,701,701,696
122,Hanover,PLYMOUTH,"13,853","14,101","14,115","13,966","13,995","14,115","13,879","13,935","14,151","14,280","14,349","14,424","14,387","14,453","14,517","14,570"
123,Hanson,PLYMOUTH,"9,898","9,926","9,989","9,956","10,019","10,139","10,209","10,270","10,292","10,324","10,434","10,630","10,708","10,768","10,874","10,914"
124,Hardwick,WORCESTER,"2,665","2,655","2,667","2,650","2,649","2,673","2,990","2,993","2,995","2,997","3,008","3,008","3,029","3,033","3,056","3,057"
125,Harvard,WORCESTER,"6,083","6,074","6,051","6,001","6,006","6,156","6,520","6,526","6,530","6,569","6,568","6,573","6,549","6,569","6,610","6,620"
126,Harwich,BARNSTABLE,"12,809","12,675","12,537","12,387","12,298","12,254","12,243","12,253","12,263","12,202","12,192","12,180","12,121","12,144","12,133","12,142"
127,Hatfield,HAMPSHIRE,"3,311","3,282","3,261","3,258","3,227","3,262","3,279","3,276","3,275","3,282","3,293","3,298","3,308","3,283","3,284","3,251"
128,Haverhill,ESSEX,"60,482","60,242","60,176","59,902","61,275","61,588","60,879","61,456","61,797","62,088","62,370","62,765","63,236","63,669","64,041","64,014"
129,Hawley,FRANKLIN,346,345,342,336,337,337,337,337,337,335,331,331,337,337,336,334
130,Heath,FRANKLIN,807,805,803,797,798,796,706,707,706,703,699,693,697,701,702,695
131,Hingham,PLYMOUTH,"21,198","21,507","21,784","22,394","22,561","23,270","22,157","22,308","22,520","22,740","22,973","23,120","23,105","23,414","23,923","24,679"
132,Hinsdale,BERKSHIRE,"1,825","1,811","1,792","1,937","1,913","1,909","2,032","2,020","2,010","1,994","1,977","1,959","1,944","1,929","1,922","1,911"
133,Holbrook,NORFOLK,"10,832","10,775","10,730","10,663","10,644","10,738","10,791","10,851","10,899","10,952","11,041","11,050","11,036","11,044","11,048","11,033"
134,Holden,WORCESTER,"16,595","16,592","16,667","16,581","16,608","17,658","17,346","17,504","17,636","17,995","18,480","18,645","18,828","18,965","19,163","19,303"
135,Holland,HAMPDEN,"2,485","2,536","2,539","2,532","2,529","2,566","2,481","2,486","2,487","2,495","2,502","2,506","2,489","2,486","2,497","2,482"
136,Holliston,MIDDLESEX,"13,919","13,847","13,896","13,941","13,901","14,193","13,547","13,839","14,014","14,162","14,392","14,525","14,597","14,748","14,939","14,912"
137,Holyoke,HAMPDEN,"40,058","39,958","39,765","39,737","39,947","40,005","39,880","40,143","40,135","40,249","40,660","40,684","40,266","40,220","40,358","40,117"
138,Hopedale,WORCESTER,"6,222","6,243","6,226","6,165","6,142","6,241","5,911","5,921","5,930","5,954","5,951","5,955","5,938","5,960","5,966","5,951"
139,Hopkinton,MIDDLESEX,"14,031","14,112","14,172","14,307","14,338","14,657","14,925","15,245","15,478","15,918","16,315","16,674","16,869","17,974","18,269","18,470"
140,Hubbardston,WORCESTER,"4,273","4,352","4,422","4,461","4,482","4,479","4,382","4,404","4,426","4,464","4,523","4,596","4,637","4,716","4,787","4,829"
141,Hudson,MIDDLESEX,"18,726","18,943","19,447","19,580","19,597","20,005","19,063","19,292","19,481","19,586","19,754","19,864","19,891","19,916","19,960","19,864"
142,Hull,PLYMOUTH,"11,320","11,280","11,231","11,067","11,041","11,123","10,293","10,307","10,302","10,332","10,451","10,491","10,425","10,452","10,463","10,475"
143,Huntington,HAMPSHIRE,"2,197","2,182","2,200","2,193","2,219","2,233","2,180","2,175","2,172","2,168","2,181","2,181","2,183","2,183","2,182","2,169"
144,Ipswich,ESSEX,"13,374","13,302","13,293","13,245","13,219","13,412","13,175","13,425","13,545","13,574","13,673","13,804","13,868","14,000","14,092","14,074"
145,Kingston,PLYMOUTH,"12,345","12,457","12,475","12,339","12,328","12,484","12,629","12,690","12,727","12,819","13,117","13,301","13,396","13,566","13,723","13,863"
146,Lakeville,PLYMOUTH,"10,533","10,639","10,641","10,587","10,515","10,623","10,602","10,776","10,861","11,144","11,255","11,338","11,270","11,422","11,418","11,561"
147,Lancaster,WORCESTER,"6,719","6,845","6,970","7,047","7,015","7,034","8,055","7,921","7,956","8,054","8,111","8,166","8,026","8,132","8,185","8,082"
148,Lanesborough,BERKSHIRE,"2,960","2,953","2,921","2,891","2,866","2,853","3,091","3,070","3,057","3,037","3,011","2,991","2,983","2,971","2,965","2,940"
149,Lawrence,ESSEX,"71,858","71,314","70,662","70,066","70,014","70,592","76,377","76,960","77,326","77,657","79,535","80,231","79,870","80,062","80,376","80,028"
150,Lee,BERKSHIRE,"5,888","5,885","5,858","5,803","5,763","5,740","5,943","5,918","5,898","5,921","5,848","5,816","5,765","5,726","5,715","5,664"
151,Leicester,WORCESTER,"10,904","10,967","11,003","10,982","10,990","11,140","10,970","11,061","11,110","11,243","11,280","11,334","11,278","11,337","11,394","11,341"
152,Lenox,BERKSHIRE,"5,162","5,156","5,159","5,105","5,095","5,084","5,025","5,007","5,000","4,983","4,996","4,988","4,968","4,957","4,964","4,944"
153,Leominster,WORCESTER,"41,911","41,804","41,549","41,128","41,055","42,293","40,759","40,888","40,989","41,002","41,445","41,569","41,418","41,618","41,823","41,716"
154,Leverett,FRANKLIN,"1,764","1,772","1,778","1,746","1,772","1,787","1,851","1,868","1,867","1,861","1,853","1,845","1,843","1,845","1,861","1,837"
155,Lexington,MIDDLESEX,"30,419","30,266","30,231","30,332","30,272","30,929","31,394","31,884","32,272","32,650","33,055","33,394","33,499","33,661","33,792","33,132"
156,Leyden,FRANKLIN,808,816,811,802,801,809,711,720,722,721,717,713,723,723,724,715
157,Lincoln,MIDDLESEX,"8,000","7,931","7,948","7,994","8,078","8,653","6,362","6,437","6,503","6,565","7,292","7,491","6,760","6,777","6,797","7,052"
158,Littleton,MIDDLESEX,"8,578","8,589","8,648","8,714","8,711","8,975","8,924","9,036","9,132","9,246","9,404","9,912","10,018","10,095","10,241","10,227"
159,Longmeadow,HAMPDEN,"15,631","15,569","15,481","15,315","15,329","15,527","15,784","15,843","15,835","15,882","15,877","15,898","15,827","15,763","15,827","15,705"
160,Lowell,MIDDLESEX,"103,655","103,111","103,229","103,512","103,615","104,400","106,519","107,571","108,522","108,861","110,235","110,699","111,250","111,728","111,670","110,997"
161,Ludlow,HAMPDEN,"21,934","21,946","21,951","22,382","22,410","22,161","21,103","21,176","21,195","21,451","21,395","21,472","21,356","21,336","21,478","21,233"
162,Lunenburg,WORCESTER,"9,980","10,024","10,010","9,948","9,946","10,157","10,086","10,819","10,847","10,969","11,110","11,241","11,204","11,302","11,657","11,736"
163,Lynn,ESSEX,"89,485","88,792","87,991","87,122","86,957","87,532","90,329","90,880","91,253","91,589","92,115","92,457","93,406","94,095","94,654","94,299"
164,Lynnfield,ESSEX,"11,640","11,546","11,443","11,382","11,412","12,035","11,596","11,720","11,805","12,395","12,652","12,761","12,839","12,944","13,041","12,999"
165,Malden,MIDDLESEX,"55,340","55,871","55,595","55,712","55,597","56,151","59,450","59,940","60,374","60,509","60,928","61,068","61,159","61,071","61,036","60,470"
166,Manchester By The Sea,ESSEX,"5,370","5,335","5,290","5,265","5,260","5,205","5,136","5,188","5,216","5,249","5,330","5,366","5,357","5,395","5,429","5,434"
167,Mansfield,BRISTOL,"22,998","22,977","23,096","22,993","23,969","23,303","23,184","23,231","23,414","23,566","23,604","23,687","23,655","23,911","24,063","24,470"
168,Marblehead,ESSEX,"20,371","20,297","20,231","20,039","19,951","19,962","19,808","19,961","20,076","20,187","20,435","20,517","20,467","20,559","20,634","20,555"
169,Marion,PLYMOUTH,"5,310","5,319","5,285","5,217","5,148","5,183","4,907","4,909","4,909","4,919","5,064","5,086","5,094","5,108","5,143","5,188"
170,Marlborough,MIDDLESEX,"37,699","37,444","38,062","38,065","37,932","38,469","38,499","38,874","39,204","39,414","39,656","39,818","39,793","39,788","39,825","39,597"
171,Marshfield,PLYMOUTH,"24,817","24,890","24,836","24,576","24,735","24,888","25,132","25,354","25,436","25,509","25,620","25,709","25,739","25,844","25,905","25,967"
172,Mashpee,BARNSTABLE,"14,301","14,280","14,343","14,261","14,227","14,367","14,006","14,002","14,005","14,068","14,048","14,154","14,104","14,193","14,180","14,229"
173,Mattapoisett,PLYMOUTH,"6,467","6,479","6,471","6,447","6,463","6,519","6,045","6,084","6,113","6,172","6,216","6,267","6,290","6,330","6,379","6,401"
174,Maynard,MIDDLESEX,"10,322","10,230","10,180","10,177","10,182","10,629","10,106","10,205","10,304","10,370","10,547","10,676","10,605","10,643","10,667","11,336"
175,Medfield,NORFOLK,"12,397","12,343","12,297","12,266","12,275","12,274","12,024","12,124","12,219","12,313","12,412","12,718","12,863","12,868","12,904","12,955"
176,Medford,MIDDLESEX,"54,197","53,523","55,681","55,565","55,573","55,578","56,173","56,660","57,033","57,170","57,295","57,403","57,849","57,783","57,765","57,341"
177,Medway,NORFOLK,"12,886","12,812","12,817","12,749","12,785","12,901","12,752","12,802","12,864","13,053","13,194","13,253","13,228","13,339","13,427","13,479"
178,Melrose,MIDDLESEX,"26,533","26,365","26,666","26,782","26,708","27,093","26,983","27,234","27,435","27,690","27,951","27,997","28,118","28,206","28,193","28,016"
179,Mendon,WORCESTER,"5,761","5,754","5,767","5,767","5,762","5,703","5,839","5,860","5,876","5,904","5,962","6,024","6,042","6,112","6,183","6,223"
180,Merrimac,ESSEX,"6,321","6,360","6,392","6,425","6,504","6,609","6,338","6,417","6,517","6,612","6,715","6,800","6,835","6,915","6,975","6,960"
181,Methuen,ESSEX,"44,845","44,609","44,259","43,979","44,055","44,371","47,255","47,691","48,009","48,514","49,205","49,660","49,972","50,334","50,698","50,706"
182,Middleborough,PLYMOUTH,"21,121","21,198","21,305","21,245","21,117","21,375","23,116","23,286","23,395","23,601","23,980","24,350","24,552","24,868","25,121","25,463"
183,Middlefield,HAMPSHIRE,546,549,549,551,557,559,521,525,527,528,529,527,531,530,530,534
184,Middleton,ESSEX,"9,107","9,273","9,319","9,347","9,634","9,241","8,987","9,136","9,267","9,419","9,629","9,738","9,749","9,850","10,050","10,110"
185,Milford,WORCESTER,"27,410","27,519","27,523","27,263","27,246","27,616","27,999","28,106","28,184","28,288","28,497","28,614","28,751","28,945","29,105","29,101"
186,Millbury,WORCESTER,"13,376","13,459","13,609","13,470","13,401","13,579","13,261","13,284","13,305","13,399","13,455","13,537","13,575","13,729","13,866","13,947"
187,Millis,NORFOLK,"7,997","7,964","7,972","7,927","7,957","8,034","7,891","7,964","7,995","8,047","8,110","8,169","8,183","8,230","8,270","8,310"
188,Millville,WORCESTER,"2,936","2,943","2,953","2,834","2,845","2,960","3,190","3,190","3,198","3,210","3,223","3,234","3,243","3,253","3,265","3,257"
189,Milton,NORFOLK,"25,855","26,034","25,902","26,272","26,187","26,186","27,003","27,105","27,158","27,270","27,400","27,374","27,571","27,572","27,616","27,593"
190,Monroe,FRANKLIN,98,100,102,96,96,96,121,121,121,121,120,120,114,112,112,115
191,Monson,HAMPDEN,"8,684","8,763","8,792","8,788","8,952","9,073","8,560","8,590","8,679","8,722","8,754","8,789","8,800","8,808","8,865","8,787"
192,Montague,FRANKLIN,"8,443","8,408","8,368","8,334","8,316","8,175","8,437","8,444","8,420","8,377","8,312","8,272","8,299","8,297","8,316","8,212"
193,Monterey,BERKSHIRE,954,961,963,960,950,957,961,957,955,957,953,948,934,931,929,924
194,Montgomery,HAMPDEN,736,745,753,754,720,730,838,851,858,862,860,859,864,866,870,866
195,Mount Washington,BERKSHIRE,133,135,138,138,136,135,167,166,166,166,164,163,161,159,158,157
196,Nahant,ESSEX,"3,620","3,591","3,554","3,519","3,498","3,630","3,410","3,426","3,442","3,446","3,469","3,485","3,493","3,506","3,524","3,513"
197,Nantucket,NANTUCKET,"10,124","10,168","10,240","10,531","11,215","11,322","10,172","10,130","10,298","10,399","10,821","10,925","11,124","11,270","11,327","11,399"
198,Natick,MIDDLESEX,"32,113","31,943","31,886","31,975","31,880","32,338","33,006","33,366","33,760","35,214","35,687","36,262","36,089","36,171","36,229","36,050"
199,Needham,NORFOLK,"29,022","28,418","28,368","28,263","28,560","29,037","28,886","29,191","29,366","29,736","30,250","30,564","30,672","31,009","31,248","31,388"
200,New Ashford,BERKSHIRE,245,247,248,248,247,248,228,227,227,226,224,225,223,223,225,223
201,New Bedford,BRISTOL,"93,979","93,102","92,538","91,849","91,365","91,112","95,072","94,885","94,929","95,078","94,954","94,958","95,070","94,990","95,315","95,363"
202,New Braintree,WORCESTER,"1,066","1,092","1,102","1,112","1,116","1,135",999,"1,009","1,018","1,024","1,022","1,022","1,022","1,025","1,029","1,024"
203,New Marlborough,BERKSHIRE,"1,514","1,525","1,533","1,521","1,508","1,508","1,509","1,503","1,498","1,497","1,490","1,478","1,474","1,464","1,458","1,458"
204,New Salem,FRANKLIN,988,988,980,990,990,957,990,996,"1,002","1,002",998,999,"1,010","1,019","1,020","1,021"
205,Newbury,ESSEX,"6,886","7,002","6,954","6,926","6,934","6,912","6,666","6,729","6,771","6,853","6,916","6,971","7,020","7,085","7,144","7,148"
206,Newburyport,ESSEX,"17,552","17,414","17,303","17,144","17,542","17,594","17,416","17,554","17,654","17,800","17,889","17,982","17,939","18,078","18,202","18,289"
207,Newton,MIDDLESEX,"83,802","83,158","82,819","83,271","82,139","84,600","85,146","85,596","86,307","87,971","88,506","88,817","88,604","88,855","88,904","88,414"
208,Norfolk,NORFOLK,"10,492","10,490","10,598","10,646","11,029","11,188","11,227","11,426","11,539","11,689","11,790","11,908","11,664","11,805","11,988","12,003"
209,North Adams,BERKSHIRE,"14,167","14,010","13,842","13,874","13,711","13,816","13,708","13,646","13,583","13,533","13,353","13,263","13,068","12,946","12,904","12,730"
210,North Andover,ESSEX,"27,979","27,155","27,196","27,637","27,522","27,759","28,352","28,183","28,422","29,217","29,514","29,721","30,840","31,021","31,296","31,188"
211,North Attleborough,BRISTOL,"28,176","28,133","27,946","27,907","27,794","27,825","28,712","28,743","28,806","28,801","28,965","29,071","29,063","29,100","29,349","29,364"
212,North Brookfield,WORCESTER,"4,815","4,814","4,829","4,819","4,833","5,057","4,680","4,679","4,682","4,755","4,749","4,749","4,767","4,792","4,808","4,792"
213,North Reading,MIDDLESEX,"13,980","13,949","13,950","14,021","14,444","14,463","14,892","15,092","15,254","15,377","15,516","15,636","15,658","15,689","15,710","15,865"
214,Northampton,HAMPSHIRE,"28,930","28,715","28,592","28,411","28,379","28,370","28,549","28,614","28,592","28,495","28,535","28,540","28,561","28,608","28,726","28,451"
215,Northborough,WORCESTER,"14,320","14,675","14,681","14,611","14,646","14,863","14,155","14,667","14,724","14,762","14,914","15,042","14,962","15,038","15,101","15,109"
216,Northbridge,WORCESTER,"13,882","14,216","14,425","14,375","14,383","14,720","15,707","15,854","15,917","16,103","16,418","16,544","16,502","16,643","16,732","16,679"
217,Northfield,FRANKLIN,"3,173","3,230","3,278","2,985","3,026","3,311","3,032","3,039","3,034","3,023","3,008","2,992","2,986","2,987","2,992","2,958"
218,Norton,BRISTOL,"19,157","19,169","19,242","19,222","19,186","19,315","19,031","19,247","19,310","19,367","19,402","19,468","19,611","19,864","19,948","19,948"
219,Norwell,PLYMOUTH,"10,390","10,396","10,369","10,271","10,293","10,336","10,506","10,557","10,574","10,723","10,870","10,984","10,965","11,075","11,115","11,153"
220,Norwood,NORFOLK,"28,548","28,478","28,365","28,172","28,211","28,459","28,602","28,696","28,780","28,951","29,114","29,095","29,164","29,245","29,327","29,725"
221,Oak Bluffs,DUKES,"3,828","3,787","3,761","3,731","3,735","3,954","4,527","4,582","4,642","4,685","4,689","4,677","4,681","4,678","4,678","4,667"
222,Oakham,WORCESTER,"1,879","1,897","1,908","1,906","1,914","1,946","1,902","1,907","1,913","1,912","1,922","1,929","1,936","1,949","1,963","1,957"
223,Orange,FRANKLIN,"7,563","7,667","7,736","7,796","7,688","7,699","7,839","7,846","7,821","7,756","7,703","7,651","7,664","7,663","7,664","7,582"
224,Orleans,BARNSTABLE,"6,474","6,458","6,398","6,315","6,269","6,256","5,890","5,885","5,881","5,868","5,858","5,846","5,820","5,821","5,798","5,788"
225,Otis,BERKSHIRE,"1,383","1,393","1,392","1,394","1,396","1,396","1,612","1,604","1,599","1,595","1,583","1,576","1,562","1,552","1,548","1,539"
226,Oxford,WORCESTER,"13,735","13,718","13,712","13,641","13,615","13,813","13,709","13,737","13,771","13,806","13,855","13,916","13,915","13,984","14,041","14,009"
227,Palmer,HAMPDEN,"12,902","12,925","12,926","12,849","12,933","13,124","12,140","12,154","12,152","12,157","12,180","12,191","12,247","12,250","12,309","12,232"
228,Paxton,WORCESTER,"4,541","4,558","4,566","4,530","4,632","4,832","4,806","4,854","4,860","4,854","4,866","4,884","4,841","4,937","4,963","4,963"
229,Peabody,ESSEX,"50,370","51,239","51,734","51,441","51,331","51,726","51,251","51,597","51,867","52,044","52,314","52,504","52,809","53,008","53,278","53,070"
230,Pelham,HAMPSHIRE,"1,422","1,416","1,403","1,404","1,386","1,399","1,321","1,323","1,321","1,319","1,328","1,330","1,323","1,322","1,322","1,313"
231,Pembroke,PLYMOUTH,"17,715","18,095","18,739","18,595","18,714","18,848","17,837","17,925","17,959","18,097","18,183","18,273","18,304","18,381","18,448","18,509"
232,Pepperell,MIDDLESEX,"11,434","11,408","11,412","11,409","11,382","11,508","11,497","11,670","11,797","11,876","12,073","12,165","12,084","12,117","12,161","12,114"
233,Peru,BERKSHIRE,823,837,846,838,832,830,847,854,852,842,844,845,842,838,837,834
234,Petersham,WORCESTER,"1,264","1,285","1,286","1,283","1,288","1,327","1,234","1,239","1,239","1,244","1,246","1,246","1,251","1,254","1,253","1,250"
235,Phillipston,WORCESTER,"1,729","1,755","1,780","1,787","1,787","1,787","1,682","1,687","1,693","1,707","1,734","1,747","1,735","1,745","1,751","1,746"
236,Pittsfield,BERKSHIRE,"44,285","43,860","43,497","42,931","42,652","42,432","44,737","44,362","44,168","44,057","43,655","43,303","42,977","42,680","42,533","42,142"
237,Plainfield,HAMPSHIRE,604,600,601,600,591,595,648,648,646,650,650,652,657,661,664,661
238,Plainville,NORFOLK,"7,926","8,022","8,110","8,311","8,204","8,289","8,264","8,372","8,440","8,825","8,956","9,057","9,104","9,168","9,230","9,293"
239,Plymouth,PLYMOUTH,"54,604","54,923","55,516","55,188","55,705","56,845","56,468","57,172","57,463","57,826","58,310","58,890","59,169","59,907","60,803","61,528"
240,Plympton,PLYMOUTH,"2,755","2,781","2,764","2,772","2,785","2,800","2,820","2,838","2,840","2,859","2,893","2,917","2,926","2,972","2,985","2,987"
241,Princeton,WORCESTER,"3,499","3,523","3,522","3,494","3,475","3,520","3,413","3,430","3,436","3,436","3,461","3,470","3,440","3,455","3,478","3,488"
242,Provincetown,BARNSTABLE,"3,450","3,426","3,415","3,390","3,376","3,417","2,942","2,961","2,968","2,966","2,980","2,968","2,962","2,977","2,960","2,961"
243,Quincy,NORFOLK,"89,909","90,250","91,058","91,622","92,339","91,073","92,271","92,650","93,027","93,494","93,520","93,618","94,133","94,317","94,580","94,470"
244,Randolph,NORFOLK,"30,748","30,468","30,326","30,168","30,082","31,040","32,112","32,780","33,226","33,456","33,666","33,699","33,632","34,315","34,398","34,362"
245,Raynham,BRISTOL,"13,324","13,498","13,665","13,641","13,566","13,648","13,383","13,443","13,504","13,554","13,695","13,797","13,990","14,183","14,313","14,470"
246,Reading,MIDDLESEX,"23,362","23,164","23,086","23,129","23,052","23,512","24,747","24,984","25,192","25,327","25,482","25,704","25,182","25,298","25,337","25,400"
247,Rehoboth,BRISTOL,"11,137","11,256","11,374","11,484","11,474","11,515","11,608","11,675","11,739","11,837","11,932","12,008","12,036","12,165","12,265","12,385"
248,Revere,SUFFOLK,"46,169","45,807","46,833","55,341","60,204","51,693","51,755","52,562","53,179","53,756","53,226","53,422","54,021","54,163","53,821","53,073"
249,Richmond,BERKSHIRE,"1,630","1,620","1,604","1,591","1,572","1,571","1,475","1,466","1,459","1,453","1,438","1,429","1,429","1,421","1,422","1,416"
250,Rochester,PLYMOUTH,"5,202","5,310","5,406","5,218","5,268","5,312","5,232","5,303","5,325","5,381","5,439","5,494","5,510","5,572","5,628","5,687"
251,Rockland,PLYMOUTH,"17,861","17,839","17,896","17,780","17,883","18,086","17,489","17,548","17,580","17,632","17,747","17,832","17,924","17,956","17,960","17,986"
252,Rockport,ESSEX,"7,805","7,763","7,687","7,633","7,612","7,675","6,952","7,013","7,063","7,131","7,162","7,206","7,210","7,248","7,295","7,282"
253,Rowe,FRANKLIN,349,350,353,347,348,347,393,395,394,392,387,383,394,394,394,389
254,Rowley,ESSEX,"5,720","5,845","5,875","5,839","5,738","5,826","5,856","5,914","5,966","6,031","6,193","6,285","6,300","6,318","6,358","6,473"
255,Royalston,WORCESTER,"1,354","1,368","1,380","1,380","1,376","1,353","1,258","1,259","1,263","1,263","1,269","1,274","1,269","1,272","1,276","1,277"
256,Russell,HAMPDEN,"1,713","1,727","1,738","1,730","1,719","1,769","1,775","1,790","1,788","1,789","1,787","1,787","1,790","1,792","1,802","1,792"
257,Rutland,WORCESTER,"7,245","7,446","7,608","7,846","7,899","8,068","7,973","8,109","8,185","8,256","8,402","8,527","8,539","8,705","8,846","8,938"
258,Salem,ESSEX,"41,912","41,756","41,343","41,421","41,256","41,361","41,340","42,047","42,219","42,544","42,774","42,869","43,254","43,411","43,559","43,226"
259,Salisbury,ESSEX,"8,159","8,284","8,438","8,521","8,417","8,608","8,283","8,372","8,425","8,580","8,695","9,261","9,281","9,395","9,489","9,534"
260,Sandisfield,BERKSHIRE,823,831,840,837,848,849,915,918,919,920,917,910,901,896,895,891
261,Sandwich,BARNSTABLE,"20,826","20,726","20,508","20,255","20,129","19,960","20,675","20,665","20,662","20,589","20,513","20,445","20,317","20,305","20,226","20,169"
262,Saugus,ESSEX,"26,762","26,915","27,107","27,192","27,478","27,946","26,628","27,018","27,338","27,735","27,885","27,994","28,125","28,265","28,385","28,361"
263,Savoy,BERKSHIRE,720,725,729,720,722,707,692,691,688,683,680,677,680,681,683,675
264,Scituate,PLYMOUTH,"18,195","18,120","18,083","17,881","17,926","18,297","18,133","18,172","18,173","18,297","18,399","18,478","18,594","18,697","18,834","18,924"
265,Seekonk,BRISTOL,"13,730","13,668","13,648","13,593","13,575","13,869","13,722","13,863","13,983","14,366","14,691","14,968","15,217","15,521","15,702","15,770"
266,Sharon,NORFOLK,"17,347","17,207","17,142","17,033","17,373","18,044","17,612","17,722","17,826","18,027","18,147","18,173","18,269","18,307","18,943","18,895"
267,Sheffield,BERKSHIRE,"3,360","3,366","3,367","3,334","3,309","3,297","3,257","3,243","3,233","3,225","3,204","3,191","3,170","3,155","3,152","3,129"
268,Shelburne,FRANKLIN,"2,061","2,054","2,046","2,036","2,035","2,031","1,893","1,894","1,898","1,893","1,856","1,848","1,857","1,858","1,861","1,837"
269,Sherborn,MIDDLESEX,"4,230","4,223","4,212","4,217","4,204","4,285","4,119","4,166","4,199","4,239","4,281","4,300","4,294","4,314","4,341","4,335"
270,Shirley,MIDDLESEX,"7,601","7,612","7,661","7,726","7,904","8,110","7,211","7,473","7,546","7,613","7,337","7,400","7,630","7,628","7,649","7,636"
271,Shrewsbury,WORCESTER,"33,161","33,174","33,262","33,489","33,435","33,973","35,608","35,901","36,077","36,309","36,574","36,805","36,650","37,340","37,973","38,526"
272,Shutesbury,FRANKLIN,"1,846","1,846","1,849","1,834","1,847","1,836","1,771","1,782","1,777","1,773","1,776","1,764","1,759","1,762","1,774","1,754"
273,Somerset,BRISTOL,"18,692","18,570","18,430","18,268","18,055","18,556","18,165","18,253","18,270","18,290","18,283","18,288","18,171","18,139","18,181","18,129"
274,Somerville,MIDDLESEX,"75,621","74,963","74,554","74,405","75,662","76,460","75,754","76,265","77,104","78,804","79,356","80,318","80,902","81,159","81,562","81,360"
275,South Hadley,HAMPSHIRE,"17,181","17,063","17,034","16,952","17,241","17,387","17,514","17,780","17,773","17,740","17,721","17,743","17,765","17,836","17,806","17,625"
276,Southampton,HAMPSHIRE,"5,772","5,841","5,933","5,962","5,970","5,991","5,792","5,885","5,932","5,984","6,082","6,152","6,147","6,188","6,196","6,171"
277,Southborough,WORCESTER,"9,549","9,559","9,551","9,484","9,583","9,724","9,767","9,817","9,854","9,896","9,941","10,038","10,087","10,138","10,169","10,208"
278,Southbridge,WORCESTER,"17,314","17,234","17,117","16,926","16,852","17,487","16,719","16,757","16,799","16,793","16,830","16,865","16,868","16,899","16,931","16,878"
279,Southwick,HAMPDEN,"9,428","9,548","9,603","9,431","9,571","9,706","9,502","9,548","9,575","9,634","9,690","9,737","9,705","9,727","9,793","9,740"
280,Spencer,WORCESTER,"12,014","12,092","12,095","12,006","11,922","12,017","11,688","11,722","11,749","11,766","11,806","11,810","11,918","11,972","11,971","11,935"
281,Springfield,HAMPDEN,"152,091","151,732","151,176","151,342","155,521","155,575","153,060","153,581","153,552","153,703","154,204","154,341","154,278","154,498","155,032","153,606"
282,Sterling,WORCESTER,"7,742","7,770","7,847","7,874","7,865","7,786","7,808","7,828","7,858","7,894","7,941","7,992","8,031","8,134","8,190","8,174"
283,Stockbridge,BERKSHIRE,"2,250","2,256","2,259","2,232","2,217","2,196","1,947","1,941","1,961","1,963","1,948","1,938","1,913","1,905","1,903","1,890"
284,Stoneham,MIDDLESEX,"21,781","21,582","21,471","21,508","21,471","21,560","21,437","21,446","21,605","21,734","21,898","22,002","22,010","21,994","22,729","24,126"
285,Stoughton,NORFOLK,"26,902","26,692","26,901","26,951","26,927","27,169","26,962","27,732","27,849","28,106","28,361","28,431","28,392","28,584","28,950","28,915"
286,Stow,MIDDLESEX,"6,119","6,179","6,218","6,327","6,446","6,671","6,590","6,747","6,854","6,916","7,088","7,125","7,068","7,085","7,214","7,234"
287,Sturbridge,WORCESTER,"8,692","8,860","8,969","9,102","9,103","8,859","9,268","9,320","9,350","9,407","9,465","9,514","9,529","9,582","9,640","9,597"
288,Sudbury,MIDDLESEX,"17,164","17,066","17,027","17,159","17,207","17,714","17,659","17,919","18,119","18,367","18,737","18,874","18,818","18,826","19,627","19,655"
289,Sunderland,FRANKLIN,"3,804","3,803","3,774","3,721","3,710","3,909","3,684","3,698","3,699","3,690","3,674","3,657","3,642","3,650","3,659","3,629"
290,Sutton,WORCESTER,"8,878","8,989","9,038","9,015","9,028","9,180","8,963","9,018","9,077","9,133","9,204","9,272","9,368","9,464","9,551","9,582"
291,Swampscott,ESSEX,"14,433","14,288","14,134","13,994","13,944","14,044","13,787","13,863","13,919","13,951","13,987","14,477","14,898","14,976","15,227","15,298"
292,Swansea,BRISTOL,"16,317","16,250","16,222","16,237","16,155","16,175","15,865","15,938","16,010","16,079","16,277","16,387","16,381","16,513","16,705","16,834"
293,Taunton,BRISTOL,"56,648","56,251","56,074","55,783","55,702","55,815","55,874","55,956","56,055","56,069","56,586","56,789","56,958","56,970","57,296","57,464"
294,Templeton,WORCESTER,"7,322","7,491","7,696","7,783","7,831","7,963","8,013","8,026","8,051","8,134","8,168","8,176","8,109","8,137","8,153","8,138"
295,Tewksbury,MIDDLESEX,"29,130","29,043","29,418","29,607","29,543","30,597","28,961","29,354","29,669","30,107","30,289","30,915","31,018","31,302","31,388","31,178"
296,Tisbury,DUKES,"3,851","3,812","3,801","3,805","3,811","3,916","3,949","4,008","4,067","4,108","4,117","4,099","4,105","4,107","4,111","4,096"
297,Tolland,HAMPDEN,443,447,449,451,457,466,485,487,487,489,492,496,498,503,509,508
298,Topsfield,ESSEX,"6,228","6,183","6,130","6,067","6,051","6,144","6,085","6,180","6,273","6,388","6,494","6,529","6,541","6,568","6,627","6,641"
299,Townsend,MIDDLESEX,"9,326","9,285","9,327","9,374","9,400","9,687","8,926","9,041","9,133","9,194","9,408","9,515","9,474","9,502","9,547","9,506"
300,Truro,BARNSTABLE,"2,180","2,164","2,152","2,134","2,125","2,123","2,003","2,007","2,009","2,011","2,009","2,007","2,002","2,003","1,999","2,008"
301,Tyngsborough,MIDDLESEX,"11,387","11,338","11,542","11,860","12,019","11,980","11,292","11,778","11,953","12,054","12,155","12,267","12,301","12,323","12,418","12,527"
302,Tyringham,BERKSHIRE,355,352,348,343,339,340,327,325,324,326,327,325,319,316,316,312
303,Upton,WORCESTER,"6,262","6,397","6,484","6,526","6,584","6,722","7,542","7,605","7,640","7,668","7,701","7,725","7,780","7,923","8,012","8,065"
304,Uxbridge,WORCESTER,"12,243","12,409","12,613","12,634","12,672","12,887","13,457","13,504","13,560","13,647","13,787","13,892","13,876","13,999","14,095","14,195"
305,Wakefield,MIDDLESEX,"24,562","24,575","24,588","24,706","24,717","25,199","24,932","25,391","25,613","26,080","26,745","26,847","26,900","27,094","27,135","27,045"
306,Wales,HAMPDEN,"1,798","1,821","1,839","1,844","1,881","1,905","1,838","1,856","1,864","1,875","1,878","1,899","1,887","1,888","1,898","1,874"
307,Walpole,NORFOLK,"22,518","23,112","23,165","23,086","23,133","23,461","24,070","24,389","24,562","24,818","24,966","25,102","25,044","25,143","25,209","25,200"
308,Waltham,MIDDLESEX,"59,232","59,556","59,352","60,325","60,236","60,605","60,632","61,418","61,918","62,227","63,149","63,378","62,923","62,919","62,962","62,495"
309,Ware,HAMPSHIRE,"10,022","10,005","9,982","9,933","9,824","9,888","9,872","9,878","9,859","9,844","9,888","9,888","9,848","9,831","9,811","9,711"
310,Wareham,PLYMOUTH,"21,224","21,296","21,324","21,154","21,221","21,349","21,822","22,211","22,339","22,384","22,464","22,408","22,578","22,615","22,666","22,745"
311,Warren,WORCESTER,"4,979","5,045","5,097","5,071","5,068","5,287","5,135","5,139","5,142","5,168","5,179","5,189","5,200","5,219","5,248","5,222"
312,Warwick,FRANKLIN,759,763,764,750,749,748,780,781,779,774,768,762,775,777,780,769
313,Washington,BERKSHIRE,543,546,548,548,542,541,538,534,535,538,535,535,541,541,541,541
314,Watertown,MIDDLESEX,"32,603","32,303","32,165","32,521","32,365","33,120","31,915","32,199","32,863","32,996","34,141","34,319","35,141","35,737","35,954","35,939"
315,Wayland,MIDDLESEX,"13,063","13,002","12,970","13,017","12,996","13,503","12,994","13,141","13,285","13,444","13,546","13,684","13,800","13,858","13,882","13,835"
316,Webster,WORCESTER,"16,880","16,851","16,826","16,705","16,655","16,877","16,767","16,794","16,812","16,811","16,840","16,893","16,949","17,022","17,027","16,949"
317,Wellesley,NORFOLK,"26,515","26,978","26,987","26,985","27,244","27,412","27,982","28,590","28,748","29,090","28,872","29,000","29,308","29,513","29,673","28,670"
318,Wellfleet,BARNSTABLE,"2,841","2,822","2,789","2,748","2,724","2,789","2,750","2,748","2,742","2,733","2,751","2,749","2,735","2,736","2,729","2,724"
319,Wendell,FRANKLIN,"1,028","1,036","1,041","1,003","1,000","1,002",848,861,866,868,869,870,877,883,886,878
320,Wenham,ESSEX,"4,453","4,650","4,616","4,615","4,788","4,778","4,875","4,972","4,993","5,055","5,139","5,163","5,203","5,250","5,284","5,278"
321,West Boylston,WORCESTER,"7,616","7,699","7,779","8,208","8,277","8,109","7,669","7,752","7,779","7,901","7,855","7,894","7,858","8,002","8,215","8,077"
322,West Bridgewater,PLYMOUTH,"6,844","6,821","6,769","6,679","6,674","6,699","6,916","6,936","6,941","6,983","7,048","7,094","7,153","7,237","7,262","7,281"
323,West Brookfield,WORCESTER,"3,898","3,895","3,867","3,826","3,806","3,863","3,701","3,718","3,731","3,759","3,771","3,780","3,757","3,774","3,785","3,727"
324,West Newbury,ESSEX,"4,297","4,306","4,286","4,269","4,269","4,406","4,235","4,307","4,367","4,437","4,490","4,541","4,602","4,637","4,691","4,714"
325,West Springfield,HAMPDEN,"28,048","27,989","27,849","27,603","27,459","28,165","28,391","28,537","28,574","28,684","28,624","28,693","28,619","28,608","28,747","28,517"
326,West Stockbridge,BERKSHIRE,"1,451","1,452","1,459","1,447","1,432","1,432","1,306","1,299","1,295","1,288","1,280","1,274","1,267","1,262","1,264","1,257"
327,West Tisbury,DUKES,"2,670","2,671","2,643","2,628","2,638","2,701","2,740","2,784","2,828","2,874","2,895","2,896","2,896","2,897","2,901","2,904"
328,Westborough,WORCESTER,"18,737","18,732","18,634","18,459","18,467","18,391","18,272","18,408","18,455","18,630","18,781","18,934","18,959","19,114","19,189","19,144"
329,Westfield,HAMPDEN,"40,559","40,525","40,460","40,774","42,125","42,133","41,094","41,380","41,399","41,301","41,608","41,690","41,570","41,435","41,680","41,204"
330,Westford,MIDDLESEX,"21,475","21,461","21,507","21,790","22,066","22,624","21,951","22,440","22,851","23,265","23,686","23,831","24,226","24,268","24,296","24,817"
331,Westhampton,HAMPSHIRE,"1,563","1,568","1,585","1,586","1,576","1,593","1,607","1,604","1,603","1,603","1,636","1,638","1,630","1,635","1,641","1,637"
332,Westminster,WORCESTER,"7,302","7,370","7,422","7,388","7,391","7,478","7,277","7,304","7,339","7,404","7,462","7,570","7,638","7,759","7,884","7,997"
333,Weston,MIDDLESEX,"11,595","11,581","11,646","11,698","11,711","11,954","11,261","11,570","11,737","11,853","11,982","12,057","12,100","12,119","12,134","12,124"
334,Westport,BRISTOL,"14,741","15,071","15,137","15,136","15,417","15,504","15,532","15,592","15,655","15,700","15,750","15,814","15,850","15,888","15,988","16,034"
335,Westwood,NORFOLK,"14,020","13,900","13,832","14,010","14,189","14,330","14,618","14,704","14,768","14,876","15,022","16,055","16,031","16,088","16,127","16,400"
336,Weymouth,NORFOLK,"54,202","53,788","53,606","53,272","53,261","54,005","53,743","54,153","54,906","55,419","55,747","55,957","55,914","56,744","57,719","57,746"
337,Whately,FRANKLIN,"1,586","1,584","1,574","1,555","1,566","1,573","1,496","1,500","1,506","1,505","1,513","1,518","1,544","1,567","1,580","1,567"
338,Whitman,PLYMOUTH,"14,351","14,439","14,460","14,385","14,447","14,189","14,489","14,570","14,609","14,696","14,775","14,849","14,936","15,019","15,168","15,216"
339,Wilbraham,HAMPDEN,"13,938","14,003","14,044","14,032","13,970","14,179","14,219","14,301","14,337","14,477","14,502","14,638","14,588","14,625","14,749","14,689"
340,Williamsburg,HAMPSHIRE,"2,443","2,434","2,439","2,440","2,509","2,522","2,482","2,480","2,476","2,466","2,474","2,469","2,487","2,491","2,489","2,466"
341,Williamstown,BERKSHIRE,"8,272","8,238","8,189","8,108","7,968","8,028","7,754","7,718","7,700","7,599","7,599","7,620","7,728","7,856","7,993","7,434"
342,Wilmington,MIDDLESEX,"21,568","21,472","21,525","21,679","21,649","22,373","22,325","22,658","22,936","23,147","23,367","23,534","23,689","23,759","23,907","23,445"
343,Winchendon,WORCESTER,"10,037","10,104","10,146","10,130","10,164","10,316","10,300","10,403","10,472","10,542","10,609","10,698","10,808","10,865","10,911","10,905"
344,Winchester,MIDDLESEX,"21,167","21,181","21,092","21,137","21,090","21,497","21,374","21,588","21,869","22,079","22,279","22,417","22,685","22,805","22,851","22,799"
345,Windsor,BERKSHIRE,854,858,856,856,846,868,899,902,902,903,896,895,871,874,875,866
346,Winthrop,SUFFOLK,"17,461","17,069","17,222","20,154","17,943","19,235","17,497","17,747","17,940","18,111","18,042","18,164","18,543","18,683","18,688","18,544"
347,Woburn,MIDDLESEX,"37,448","37,147","37,010","37,042","36,871","38,987","38,120","38,598","38,949","39,083","39,298","39,555","40,343","40,376","40,397","40,228"
348,Worcester,WORCESTER,"175,966","175,898","175,454","175,521","182,596","182,421","181,045","182,434","182,669","182,544","184,211","184,815","185,139","185,417","185,877","185,428"
349,Worthington,HAMPSHIRE,"1,300","1,292","1,283","1,272","1,272","1,277","1,156","1,161","1,164","1,167","1,180","1,188","1,189","1,191","1,187","1,175"
350,Wrentham,NORFOLK,"11,086","11,093","11,135","11,116","11,133","11,224","10,955","11,038","11,118","11,268","11,434","11,548","11,726","11,856","11,964","12,023"
351,Yarmouth,BARNSTABLE,"24,972","24,621","24,354","24,010","23,778","23,848","23,793","23,759","23,703","23,651","23,552","23,467","23,368","23,336","23,315","23,203"
