DOR Code,Municipality,Year,Registered Democrat,Registered Republican,All Other Registered Voters,Total Registered Voters
001,Abington,2012,"3,012","1,213","6,617","10,842"
001,Abington,2010,"3,022","1,156","6,275","10,453"
001,Abington,2008,"3,097","1,149","6,100","10,346"
001,Abington,2006,"3,018","1,146","5,777","9,941"
001,Abington,2004,"3,031","1,202","5,852","10,085"
001,Abington,2002,"2,801","1,094","5,578","9,473"
002,Acton,2012,"4,040","1,594","8,714","14,348"
002,Acton,2010,"3,881","1,587","8,278","13,746"
002,Acton,2008,"3,886","1,693","8,437","14,016"
002,Acton,2006,"3,385","1,630","7,335","12,350"
002,Acton,2004,"3,365","1,714","7,508","12,587"
002,Acton,2002,"2,842","1,738","7,453","12,033"
003,Acushnet,2012,"2,587",562,"4,295","7,444"
003,Acushnet,2010,"2,748",541,"4,184","7,473"
003,Acushnet,2008,"2,991",557,"4,350","7,898"
003,Acushnet,2006,"2,950",557,"4,085","7,592"
003,Acushnet,2004,"3,005",560,"3,917","7,482"
003,Acushnet,2002,"2,797",498,"3,647","6,942"
004,Adams,2012,"2,134",432,"3,370","5,936"
004,Adams,2010,"2,171",429,"3,380","5,980"
004,Adams,2008,"2,207",482,"3,387","6,076"
004,Adams,2006,"2,202",479,"3,264","5,945"
004,Adams,2004,"2,278",497,"3,279","6,054"
004,Adams,2002,"2,166",568,"3,179","5,913"
005,Agawam,2012,"6,214","3,314","11,702","21,230"
005,Agawam,2010,"6,247","3,240","11,380","20,867"
005,Agawam,2008,"6,259","3,161","10,849","20,269"
005,Agawam,2006,"6,440","3,384","11,090","20,914"
005,Agawam,2004,"6,530","3,331","10,620","20,481"
005,Agawam,2002,"6,174","3,038","10,000","19,212"
006,Alford,2012,143,32,196,371
006,Alford,2010,154,36,201,391
006,Alford,2008,149,43,208,400
006,Alford,2006,127,54,200,381
006,Alford,2004,111,56,204,371
006,Alford,2002,82,52,187,321
007,Amesbury,2012,"3,062","1,483","6,567","11,112"
007,Amesbury,2010,"3,311","1,591","6,907","11,809"
007,Amesbury,2008,"3,406","1,643","6,901","11,950"
007,Amesbury,2006,"3,140","1,614","6,187","10,941"
007,Amesbury,2004,"3,172","1,696","5,953","10,821"
007,Amesbury,2002,"2,775","1,596","5,331","9,702"
008,Amherst,2012,"10,324","1,219","10,665","22,208"
008,Amherst,2010,"8,675",948,"7,760","17,383"
008,Amherst,2008,"9,343","1,076","8,537","18,956"
008,Amherst,2006,"8,350","1,076","7,554","16,980"
008,Amherst,2004,"8,522","1,231","8,063","17,816"
008,Amherst,2002,"7,643","1,383","8,735","17,761"
009,Andover,2012,"6,016","3,807","13,597","23,420"
009,Andover,2010,"6,028","3,705","12,856","22,589"
009,Andover,2008,"6,170","3,905","12,832","22,907"
009,Andover,2006,"5,882","4,047","11,681","21,610"
009,Andover,2004,"5,908","4,267","11,670","21,845"
009,Andover,2002,"5,599","4,324","11,263","21,186"
010,Arlington,2012,"14,178","2,168","14,144","30,490"
010,Arlington,2010,"14,062","2,201","13,093","29,356"
010,Arlington,2008,"14,602","2,337","13,144","30,083"
010,Arlington,2006,"13,889","2,464","11,634","27,987"
010,Arlington,2004,"14,846","2,881","12,017","29,744"
010,Arlington,2002,"13,564","2,882","11,452","27,898"
011,Ashburnham,2012,995,582,"2,641","4,218"
011,Ashburnham,2010,995,581,"2,645","4,221"
011,Ashburnham,2008,"1,039",609,"2,659","4,307"
011,Ashburnham,2006,996,604,"2,480","4,080"
011,Ashburnham,2004,"1,054",599,"2,524","4,177"
011,Ashburnham,2002,998,607,"2,383","3,988"
012,Ashby,2012,357,344,"1,663","2,364"
012,Ashby,2010,385,331,"1,655","2,371"
012,Ashby,2008,418,327,"1,663","2,408"
012,Ashby,2006,371,308,"1,533","2,212"
012,Ashby,2004,351,293,"1,411","2,055"
012,Ashby,2002,262,245,"1,322","1,829"
013,Ashfield,2012,439,93,814,"1,346"
013,Ashfield,2010,409,97,794,"1,300"
013,Ashfield,2008,403,113,817,"1,333"
013,Ashfield,2006,381,128,760,"1,269"
013,Ashfield,2004,399,137,778,"1,314"
013,Ashfield,2002,307,150,744,"1,201"
014,Ashland,2012,"2,977","1,320","6,406","10,703"
014,Ashland,2010,"3,005","1,298","6,270","10,573"
014,Ashland,2008,"3,062","1,316","6,193","10,571"
014,Ashland,2006,"2,983","1,350","5,769","10,102"
014,Ashland,2004,"2,935","1,420","5,731","10,086"
014,Ashland,2002,"2,691","1,460","5,636","9,787"
015,Athol,2012,"1,438",799,"4,367","6,604"
015,Athol,2010,"1,527",821,"4,235","6,583"
015,Athol,2008,"1,645",914,"4,389","6,948"
015,Athol,2006,"1,641",944,"4,298","6,883"
015,Athol,2004,"1,698",996,"4,229","6,923"
015,Athol,2002,"1,572",964,"4,129","6,665"
016,Attleboro,2012,"6,892","3,346","16,828","27,066"
016,Attleboro,2010,"6,774","3,196","15,969","25,939"
016,Attleboro,2008,"6,946","3,397","16,345","26,688"
016,Attleboro,2006,"6,540","3,524","15,438","25,502"
016,Attleboro,2004,"6,514","3,618","15,181","25,313"
016,Attleboro,2002,"5,586","3,296","15,064","23,946"
017,Auburn,2012,"3,382","1,333","7,018","11,733"
017,Auburn,2010,"3,464","1,329","6,823","11,616"
017,Auburn,2008,"3,590","1,360","6,554","11,504"
017,Auburn,2006,"3,676","1,455","6,420","11,551"
017,Auburn,2004,"3,696","1,513","6,309","11,518"
017,Auburn,2002,"3,459","1,539","6,277","11,275"
018,Avon,2012,996,307,"1,750","3,053"
018,Avon,2010,"1,024",304,"1,708","3,036"
018,Avon,2008,"1,062",289,"1,679","3,030"
018,Avon,2006,"1,066",316,"1,625","3,007"
018,Avon,2004,"1,120",342,"1,669","3,131"
018,Avon,2002,"1,087",351,"1,662","3,100"
019,Ayer,2012,"1,240",684,"2,993","4,917"
019,Ayer,2010,"1,238",674,"2,979","4,891"
019,Ayer,2008,"1,183",617,"2,736","4,536"
019,Ayer,2006,"1,126",631,"2,690","4,447"
019,Ayer,2004,"1,124",606,"2,610","4,340"
019,Ayer,2002,"1,081",600,"2,730","4,411"
020,Barnstable,2012,"8,137","5,602","19,007","32,746"
020,Barnstable,2010,"7,811","5,429","17,860","31,100"
020,Barnstable,2008,"8,242","5,836","18,308","32,386"
020,Barnstable,2006,"7,972","6,105","17,238","31,315"
020,Barnstable,2004,"8,656","6,771","18,311","33,738"
020,Barnstable,2002,"8,242","6,810","18,041","33,093"
021,Barre,2012,856,512,"2,115","3,483"
021,Barre,2010,881,496,"2,051","3,428"
021,Barre,2008,913,506,"2,000","3,419"
021,Barre,2006,926,496,"1,922","3,344"
021,Barre,2004,964,503,"1,932","3,399"
021,Barre,2002,892,470,"1,877","3,239"
022,Becket,2012,391,161,793,"1,345"
022,Becket,2010,352,146,759,"1,257"
022,Becket,2008,358,151,783,"1,292"
022,Becket,2006,313,149,728,"1,190"
022,Becket,2004,298,163,722,"1,183"
022,Becket,2002,238,143,727,"1,108"
023,Bedford,2012,"2,690","1,319","5,802","9,811"
023,Bedford,2010,"2,640","1,286","5,494","9,420"
023,Bedford,2008,"2,612","1,332","5,491","9,435"
023,Bedford,2006,"2,485","1,340","5,168","8,993"
023,Bedford,2004,"2,406","1,380","5,009","8,795"
023,Bedford,2002,"2,192","1,402","4,941","8,535"
024,Belchertown,2012,"2,758","1,378","5,527","9,663"
024,Belchertown,2010,"2,737","1,328","5,242","9,307"
024,Belchertown,2008,"2,880","1,344","5,427","9,651"
024,Belchertown,2006,"2,769","1,327","5,044","9,140"
024,Belchertown,2004,"2,709","1,353","4,993","9,055"
024,Belchertown,2002,"2,263","1,250","4,608","8,121"
025,Bellingham,2012,"2,838","1,426","6,475","10,739"
025,Bellingham,2010,"2,941","1,376","6,216","10,533"
025,Bellingham,2008,"3,034","1,395","6,129","10,558"
025,Bellingham,2006,"3,024","1,379","5,514","9,917"
025,Bellingham,2004,"3,160","1,400","5,539","10,099"
025,Bellingham,2002,"2,950","1,257","5,347","9,554"
026,Belmont,2012,"6,430","1,634","9,705","17,769"
026,Belmont,2010,"6,068","1,590","8,908","16,566"
026,Belmont,2008,"5,870","1,601","8,615","16,086"
026,Belmont,2006,"5,637","1,757","8,591","15,985"
026,Belmont,2004,"5,891","2,031","8,719","16,641"
026,Belmont,2002,"5,528","2,159","9,047","16,734"
027,Berkley,2012,"1,008",550,"2,836","4,394"
027,Berkley,2010,996,517,"2,681","4,194"
027,Berkley,2008,983,521,"2,594","4,098"
027,Berkley,2006,992,539,"2,457","3,988"
027,Berkley,2004,"1,021",558,"2,527","4,106"
027,Berkley,2002,911,518,"2,432","3,861"
028,Berlin,2012,407,302,"1,379","2,088"
028,Berlin,2010,390,282,"1,337","2,009"
028,Berlin,2008,379,277,"1,258","1,914"
028,Berlin,2006,371,272,"1,168","1,811"
028,Berlin,2004,392,272,"1,224","1,888"
028,Berlin,2002,356,255,"1,141","1,752"
029,Bernardston,2012,280,166,"1,052","1,498"
029,Bernardston,2010,283,181,"1,076","1,540"
029,Bernardston,2008,287,188,"1,104","1,579"
029,Bernardston,2006,248,205,"1,063","1,516"
029,Bernardston,2004,259,221,"1,115","1,595"
029,Bernardston,2002,228,227,"1,028","1,483"
030,Beverly,2012,"6,969","2,973","15,682","25,624"
030,Beverly,2010,"6,893","2,916","14,988","24,797"
030,Beverly,2008,"7,145","3,074","15,396","25,615"
030,Beverly,2006,"6,579","3,112","14,146","23,837"
030,Beverly,2004,"6,936","3,522","14,786","25,244"
030,Beverly,2002,"6,224","3,447","14,328","23,999"
031,Billerica,2012,"7,451","3,209","15,438","26,098"
031,Billerica,2010,"7,408","2,963","14,111","24,482"
031,Billerica,2008,"7,662","2,973","13,728","24,363"
031,Billerica,2006,"7,345","2,899","12,244","22,488"
031,Billerica,2004,"7,850","3,156","12,789","23,795"
031,Billerica,2002,"7,193","2,856","11,753","21,802"
032,Blackstone,2012,"1,692",689,"3,852","6,233"
032,Blackstone,2010,"1,783",640,"3,723","6,146"
032,Blackstone,2008,"1,814",638,"3,668","6,120"
032,Blackstone,2006,"1,791",610,"3,430","5,831"
032,Blackstone,2004,"1,851",605,"3,361","5,817"
032,Blackstone,2002,"1,801",546,"3,252","5,599"
033,Blandford,2012,143,166,526,835
033,Blandford,2010,154,165,529,848
033,Blandford,2008,165,175,570,910
033,Blandford,2006,145,182,519,846
033,Blandford,2004,160,189,532,881
033,Blandford,2002,154,181,509,844
034,Bolton,2012,697,678,"2,139","3,514"
034,Bolton,2010,665,655,"1,930","3,250"
034,Bolton,2008,675,653,"1,918","3,246"
034,Bolton,2006,627,679,"1,755","3,061"
034,Bolton,2004,626,678,"1,738","3,042"
034,Bolton,2002,534,665,"1,682","2,881"
035,Boston,2012,"211,257","25,903","147,813","384,973"
035,Boston,2010,"205,199","25,423","139,480","370,102"
035,Boston,2008,"209,710","27,541","143,762","381,013"
035,Boston,2006,"187,656","27,547","131,716","346,919"
035,Boston,2004,"201,291","32,143","141,269","374,703"
035,Boston,2002,"188,494","34,892","141,037","364,423"
036,Bourne,2012,"3,045","2,189","8,351","13,585"
036,Bourne,2010,"3,065","2,071","8,040","13,176"
036,Bourne,2008,"3,027","2,080","7,889","12,996"
036,Bourne,2006,"2,810","2,070","7,364","12,244"
036,Bourne,2004,"3,049","2,228","7,802","13,079"
036,Bourne,2002,"2,694","2,022","7,377","12,093"
037,Boxborough,2012,833,485,"2,247","3,565"
037,Boxborough,2010,824,463,"2,113","3,400"
037,Boxborough,2008,853,471,"2,124","3,448"
037,Boxborough,2006,782,474,"1,893","3,149"
037,Boxborough,2004,809,491,"1,879","3,179"
037,Boxborough,2002,652,489,"1,836","2,977"
038,Boxford,2012,922,"1,389","3,703","6,014"
038,Boxford,2010,947,"1,411","3,615","5,973"
038,Boxford,2008,974,"1,420","3,575","5,969"
038,Boxford,2006,895,"1,495","3,338","5,728"
038,Boxford,2004,897,"1,537","3,309","5,743"
038,Boxford,2002,813,"1,513","3,229","5,555"
039,Boylston,2012,613,455,"2,081","3,149"
039,Boylston,2010,613,435,"2,047","3,095"
039,Boylston,2008,629,461,"2,042","3,132"
039,Boylston,2006,588,438,"1,876","2,902"
039,Boylston,2004,576,435,"1,863","2,874"
039,Boylston,2002,521,423,"1,767","2,711"
040,Braintree,2012,"9,108","2,842","13,049","24,999"
040,Braintree,2010,"9,493","2,913","12,822","25,228"
040,Braintree,2008,"9,640","2,912","12,272","24,824"
040,Braintree,2006,"9,538","2,926","11,293","23,757"
040,Braintree,2004,"9,776","3,043","11,111","23,930"
040,Braintree,2002,"9,454","2,968","10,601","23,023"
041,Brewster,2012,"2,074","1,345","4,722","8,141"
041,Brewster,2010,"2,036","1,345","4,636","8,017"
041,Brewster,2008,"2,081","1,500","4,861","8,442"
041,Brewster,2006,"1,915","1,572","4,563","8,050"
041,Brewster,2004,"2,023","1,744","4,687","8,454"
041,Brewster,2002,"1,832","1,693","4,428","7,953"
042,Bridgewater,2012,"4,100","2,045","9,553","15,698"
042,Bridgewater,2010,"4,210","2,062","9,384","15,656"
042,Bridgewater,2008,"4,227","2,047","9,092","15,366"
042,Bridgewater,2006,"4,022","1,980","8,288","14,290"
042,Bridgewater,2004,"4,081","2,098","8,457","14,636"
042,Bridgewater,2002,"3,467","1,901","8,029","13,397"
043,Brimfield,2012,530,455,"1,613","2,598"
043,Brimfield,2010,569,444,"1,563","2,576"
043,Brimfield,2008,589,430,"1,526","2,545"
043,Brimfield,2006,531,406,"1,381","2,318"
043,Brimfield,2004,543,425,"1,395","2,363"
043,Brimfield,2002,486,382,"1,351","2,219"
044,Brockton,2012,"28,471","4,273","21,995","54,739"
044,Brockton,2010,"26,902","4,497","21,824","53,223"
044,Brockton,2008,"26,316","4,612","21,134","52,062"
044,Brockton,2006,"23,297","4,858","19,198","47,353"
044,Brockton,2004,"24,573","5,431","20,349","50,353"
044,Brockton,2002,"21,978","5,258","18,857","46,093"
045,Brookfield,2012,452,295,"1,499","2,246"
045,Brookfield,2010,505,294,"1,512","2,311"
045,Brookfield,2008,516,309,"1,517","2,342"
045,Brookfield,2006,486,288,"1,439","2,213"
045,Brookfield,2004,481,284,"1,436","2,201"
045,Brookfield,2002,475,263,"1,387","2,125"
046,Brookline,2012,"19,418","2,870","17,888","40,176"
046,Brookline,2010,"19,873","3,148","17,941","40,962"
046,Brookline,2008,"20,020","3,277","17,861","41,158"
046,Brookline,2006,"20,914","4,102","19,079","44,095"
046,Brookline,2004,"20,878","4,345","18,977","44,200"
046,Brookline,2002,"19,189","4,412","18,984","42,585"
047,Buckland,2012,366,106,849,"1,321"
047,Buckland,2010,349,111,835,"1,295"
047,Buckland,2008,329,114,845,"1,288"
047,Buckland,2006,309,130,829,"1,268"
047,Buckland,2004,298,151,853,"1,302"
047,Buckland,2002,251,153,839,"1,243"
048,Burlington,2012,"5,078","1,900","10,089","17,067"
048,Burlington,2010,"5,072","1,757","9,535","16,364"
048,Burlington,2008,"5,181","1,761","9,569","16,511"
048,Burlington,2006,"4,981","1,793","8,818","15,592"
048,Burlington,2004,"5,069","1,898","8,830","15,797"
048,Burlington,2002,"4,813","1,906","8,772","15,491"
049,Cambridge,2012,"39,581","3,144","26,030","68,755"
049,Cambridge,2010,"36,805","2,933","22,757","62,495"
049,Cambridge,2008,"37,822","3,280","23,625","64,727"
049,Cambridge,2006,"34,397","3,449","21,636","59,482"
049,Cambridge,2004,"35,856","4,103","21,893","61,852"
049,Cambridge,2002,"33,016","4,926","21,822","59,764"
050,Canton,2012,"5,103","1,876","8,471","15,450"
050,Canton,2010,"5,235","1,873","8,294","15,402"
050,Canton,2008,"5,325","1,921","8,244","15,490"
050,Canton,2006,"5,222","1,916","7,682","14,820"
050,Canton,2004,"5,371","1,936","7,590","14,897"
050,Canton,2002,"5,321","2,034","7,744","15,099"
051,Carlisle,2012,995,586,"2,337","3,918"
051,Carlisle,2010,927,565,"2,207","3,699"
051,Carlisle,2008,941,600,"2,196","3,737"
051,Carlisle,2006,913,661,"2,039","3,613"
051,Carlisle,2004,915,662,"1,934","3,511"
051,Carlisle,2002,745,640,"1,917","3,302"
052,Carver,2012,"1,902","1,115","5,117","8,134"
052,Carver,2010,"2,148","1,192","5,503","8,843"
052,Carver,2008,"2,189","1,175","5,315","8,679"
052,Carver,2006,"2,106","1,176","4,869","8,151"
052,Carver,2004,"2,181","1,219","4,808","8,208"
052,Carver,2002,"2,022","1,156","4,677","7,855"
053,Charlemont,2012,182,66,550,798
053,Charlemont,2010,186,76,565,827
053,Charlemont,2008,197,81,604,882
053,Charlemont,2006,181,83,578,842
053,Charlemont,2004,194,89,611,894
053,Charlemont,2002,117,86,614,817
054,Charlton,2012,"1,852","1,530","6,070","9,452"
054,Charlton,2010,"1,878","1,497","5,777","9,152"
054,Charlton,2008,"2,097","1,599","6,143","9,839"
054,Charlton,2006,"1,910","1,448","5,736","9,094"
054,Charlton,2004,"1,871","1,425","5,362","8,658"
054,Charlton,2002,"1,704","1,301","4,968","7,973"
055,Chatham,2012,"1,139","1,229","3,202","5,570"
055,Chatham,2010,"1,128","1,290","3,214","5,632"
055,Chatham,2008,"1,161","1,389","3,233","5,783"
055,Chatham,2006,"1,120","1,527","3,152","5,799"
055,Chatham,2004,"1,204","1,720","3,397","6,321"
055,Chatham,2002,"1,043","1,735","3,304","6,082"
056,Chelmsford,2012,"5,824","3,216","15,347","24,387"
056,Chelmsford,2010,"5,788","3,150","14,729","23,667"
056,Chelmsford,2008,"5,897","3,178","14,569","23,644"
056,Chelmsford,2006,"5,754","3,254","13,739","22,747"
056,Chelmsford,2004,"5,882","3,405","13,677","22,964"
056,Chelmsford,2002,"5,549","3,325","13,191","22,065"
057,Chelsea,2012,"7,680",856,"5,662","14,198"
057,Chelsea,2010,"6,641",730,"4,606","11,977"
057,Chelsea,2008,"7,053",807,"4,892","12,752"
057,Chelsea,2006,"6,536",827,"4,608","11,971"
057,Chelsea,2004,"6,922",925,"4,633","12,480"
057,Chelsea,2002,"6,874",888,"4,614","12,376"
058,Cheshire,2012,639,215,"1,472","2,326"
058,Cheshire,2010,646,216,"1,453","2,315"
058,Cheshire,2008,676,223,"1,459","2,358"
058,Cheshire,2006,648,226,"1,426","2,300"
058,Cheshire,2004,672,225,"1,434","2,331"
058,Cheshire,2002,601,224,"1,398","2,223"
059,Chester,2012,174,148,558,880
059,Chester,2010,192,148,580,920
059,Chester,2008,207,150,613,970
059,Chester,2006,196,138,561,895
059,Chester,2004,186,136,540,862
059,Chester,2002,155,123,554,832
060,Chesterfield,2012,222,96,563,881
060,Chesterfield,2010,195,101,558,854
060,Chesterfield,2008,190,108,571,869
060,Chesterfield,2006,171,124,539,834
060,Chesterfield,2004,163,122,519,804
060,Chesterfield,2002,125,122,501,748
061,Chicopee,2012,"14,171","3,786","17,578","35,535"
061,Chicopee,2010,"14,265","3,677","16,643","34,585"
061,Chicopee,2008,"14,751","3,759","16,449","34,959"
061,Chicopee,2006,"14,476","3,748","15,082","33,306"
061,Chicopee,2004,"15,240","3,836","14,831","33,907"
061,Chicopee,2002,"15,270","4,032","14,259","33,561"
062,Chilmark,2012,399,59,434,892
062,Chilmark,2010,387,62,420,869
062,Chilmark,2008,366,74,419,859
062,Chilmark,2006,341,86,399,826
062,Chilmark,2004,340,90,429,859
062,Chilmark,2002,296,89,421,806
063,Clarksburg,2012,231,81,815,"1,127"
063,Clarksburg,2010,241,86,806,"1,133"
063,Clarksburg,2008,241,96,795,"1,132"
063,Clarksburg,2006,232,96,821,"1,149"
063,Clarksburg,2004,231,97,805,"1,133"
063,Clarksburg,2002,213,104,800,"1,117"
064,Clinton,2012,"3,129","1,045","5,139","9,313"
064,Clinton,2010,"3,291","1,050","5,145","9,486"
064,Clinton,2008,"3,383","1,015","4,901","9,299"
064,Clinton,2006,"3,410","1,045","4,589","9,044"
064,Clinton,2004,"3,470","1,071","4,427","8,968"
064,Clinton,2002,"3,302","1,044","4,299","8,645"
065,Cohasset,2012,"1,249","1,303","3,259","5,811"
065,Cohasset,2010,"1,226","1,214","3,070","5,510"
065,Cohasset,2008,"1,199","1,197","2,984","5,380"
065,Cohasset,2006,"1,192","1,237","2,799","5,228"
065,Cohasset,2004,"1,235","1,276","2,820","5,331"
065,Cohasset,2002,"1,096","1,249","2,879","5,224"
066,Colrain,2012,294,109,778,"1,181"
066,Colrain,2010,289,113,769,"1,171"
066,Colrain,2008,282,112,770,"1,164"
066,Colrain,2006,246,113,717,"1,076"
066,Colrain,2004,251,130,723,"1,104"
066,Colrain,2002,192,137,769,"1,098"
067,Concord,2012,"4,487","1,820","6,645","12,952"
067,Concord,2010,"4,328","1,764","6,143","12,235"
067,Concord,2008,"4,319","1,860","6,133","12,312"
067,Concord,2006,"4,050","2,028","5,729","11,807"
067,Concord,2004,"4,087","2,146","5,687","11,920"
067,Concord,2002,"3,624","2,280","5,744","11,648"
068,Conway,2012,600,167,763,"1,530"
068,Conway,2010,582,167,762,"1,511"
068,Conway,2008,594,164,793,"1,551"
068,Conway,2006,561,184,748,"1,493"
068,Conway,2004,550,195,737,"1,482"
068,Conway,2002,473,196,774,"1,443"
069,Cummington,2012,163,46,465,674
069,Cummington,2010,153,48,438,639
069,Cummington,2008,161,57,443,661
069,Cummington,2006,159,55,421,635
069,Cummington,2004,175,54,456,685
069,Cummington,2002,126,54,432,612
070,Dalton,2012,"1,423",521,"2,707","4,651"
070,Dalton,2010,"1,399",534,"2,645","4,578"
070,Dalton,2008,"1,407",575,"2,697","4,679"
070,Dalton,2006,"1,314",590,"2,566","4,470"
070,Dalton,2004,"1,378",665,"2,689","4,732"
070,Dalton,2002,"1,293",740,"2,781","4,814"
071,Danvers,2012,"4,322","2,459","12,070","18,851"
071,Danvers,2010,"4,320","2,307","11,599","18,226"
071,Danvers,2008,"4,270","2,256","11,404","17,930"
071,Danvers,2006,"3,946","2,212","10,379","16,537"
071,Danvers,2004,"3,898","2,342","10,355","16,595"
071,Danvers,2002,"3,828","2,421","10,246","16,495"
072,Dartmouth,2012,"8,898","2,318","12,754","23,970"
072,Dartmouth,2010,"9,049","2,301","12,596","23,946"
072,Dartmouth,2008,"8,903","2,243","11,847","22,993"
072,Dartmouth,2006,"8,190","2,221","10,343","20,754"
072,Dartmouth,2004,"8,169","2,281","10,103","20,553"
072,Dartmouth,2002,"7,736","2,177","9,426","19,339"
073,Dedham,2012,"6,444","1,807","9,574","17,825"
073,Dedham,2010,"6,195","1,649","8,844","16,688"
073,Dedham,2008,"6,163","1,680","8,679","16,522"
073,Dedham,2006,"5,902","1,696","8,016","15,614"
073,Dedham,2004,"5,988","1,771","7,882","15,641"
073,Dedham,2002,"5,736","1,836","8,093","15,665"
074,Deerfield,2012,"1,128",358,"2,159","3,645"
074,Deerfield,2010,"1,119",385,"2,124","3,628"
074,Deerfield,2008,"1,116",408,"2,232","3,756"
074,Deerfield,2006,"1,041",415,"2,081","3,537"
074,Deerfield,2004,"1,079",475,"2,159","3,713"
074,Deerfield,2002,"1,015",473,"2,029","3,517"
075,Dennis,2012,"2,894","1,789","7,007","11,690"
075,Dennis,2010,"2,897","1,848","6,831","11,576"
075,Dennis,2008,"3,013","1,930","6,930","11,873"
075,Dennis,2006,"2,922","2,030","6,679","11,631"
075,Dennis,2004,"2,966","2,254","6,893","12,113"
075,Dennis,2002,"2,523","2,218","6,574","11,315"
076,Dighton,2012,"1,167",655,"2,994","4,816"
076,Dighton,2010,"1,201",609,"2,819","4,629"
076,Dighton,2008,"1,271",586,"2,744","4,601"
076,Dighton,2006,"1,190",592,"2,554","4,336"
076,Dighton,2004,"1,190",597,"2,499","4,286"
076,Dighton,2002,"1,102",539,"2,364","4,005"
077,Douglas,2012,"1,146","1,124","3,876","6,146"
077,Douglas,2010,"1,241","1,142","3,915","6,298"
077,Douglas,2008,"1,229","1,087","3,688","6,004"
077,Douglas,2006,"1,169","1,073","3,453","5,695"
077,Douglas,2004,"1,202","1,090","3,527","5,819"
077,Douglas,2002,"1,088","1,038","3,183","5,309"
078,Dover,2012,787,"1,067","2,320","4,174"
078,Dover,2010,758,"1,043","2,151","3,952"
078,Dover,2008,757,"1,098","2,064","3,919"
078,Dover,2006,714,"1,179","1,927","3,820"
078,Dover,2004,703,"1,241","1,919","3,863"
078,Dover,2002,597,"1,254","1,923","3,774"
079,Dracut,2012,"6,054","2,240","11,697","19,991"
079,Dracut,2010,"6,465","2,250","11,396","20,111"
079,Dracut,2008,"6,746","2,252","11,140","20,138"
079,Dracut,2006,"6,787","2,245","9,886","18,918"
079,Dracut,2004,"7,260","2,455","10,383","20,098"
079,Dracut,2002,"7,070","2,395","9,880","19,345"
080,Dudley,2012,"1,858",902,"4,326","7,086"
080,Dudley,2010,"1,992",867,"4,158","7,017"
080,Dudley,2008,"2,143",849,"4,220","7,212"
080,Dudley,2006,"2,176",838,"3,834","6,848"
080,Dudley,2004,"2,173",838,"3,655","6,666"
080,Dudley,2002,"2,075",752,"3,354","6,181"
081,Dunstable,2012,418,380,"1,425","2,223"
081,Dunstable,2010,410,366,"1,386","2,162"
081,Dunstable,2008,421,368,"1,383","2,172"
081,Dunstable,2006,405,376,"1,299","2,080"
081,Dunstable,2004,408,382,"1,293","2,083"
081,Dunstable,2002,362,348,"1,170","1,880"
082,Duxbury,2012,"2,230","2,548","6,657","11,435"
082,Duxbury,2010,"2,213","2,502","6,347","11,062"
082,Duxbury,2008,"2,236","2,545","6,327","11,108"
082,Duxbury,2006,"2,051","2,559","5,983","10,593"
082,Duxbury,2004,"2,105","2,693","6,111","10,909"
082,Duxbury,2002,"1,873","2,555","5,894","10,322"
083,East Bridgewater,2012,"2,216","1,393","5,969","9,578"
083,East Bridgewater,2010,"2,190","1,352","5,686","9,228"
083,East Bridgewater,2008,"2,265","1,382","5,569","9,216"
083,East Bridgewater,2006,"2,163","1,352","5,122","8,637"
083,East Bridgewater,2004,"2,114","1,377","4,998","8,489"
083,East Bridgewater,2002,"1,934","1,308","4,732","7,974"
084,East Brookfield,2012,289,234,942,"1,465"
084,East Brookfield,2010,332,228,952,"1,512"
084,East Brookfield,2008,355,235,934,"1,524"
084,East Brookfield,2006,342,232,867,"1,441"
084,East Brookfield,2004,349,248,900,"1,497"
084,East Brookfield,2002,330,230,806,"1,366"
085,East Longmeadow,2012,"2,806","2,138","6,325","11,269"
085,East Longmeadow,2010,"3,171","2,100","5,863","11,134"
085,East Longmeadow,2008,"3,201","2,139","5,755","11,095"
085,East Longmeadow,2006,"3,023","2,168","5,388","10,579"
085,East Longmeadow,2004,"3,090","2,333","5,492","10,915"
085,East Longmeadow,2002,"2,824","2,225","5,460","10,509"
086,Eastham,2012,"1,228",685,"2,337","4,250"
086,Eastham,2010,"1,228",714,"2,325","4,267"
086,Eastham,2008,"1,235",745,"2,327","4,307"
086,Eastham,2006,"1,151",794,"2,176","4,121"
086,Eastham,2004,"1,178",873,"2,263","4,314"
086,Eastham,2002,999,895,"2,274","4,168"
087,Easthampton,2012,"4,105",947,"6,756","11,808"
087,Easthampton,2010,"4,010",971,"6,411","11,392"
087,Easthampton,2008,"4,117","1,027","6,457","11,601"
087,Easthampton,2006,"3,833","1,038","6,151","11,022"
087,Easthampton,2004,"3,845","1,060","6,014","10,919"
087,Easthampton,2002,"3,458","1,090","5,955","10,503"
088,Easton,2012,"4,123","2,612","9,147","15,882"
088,Easton,2010,"4,090","2,484","8,538","15,112"
088,Easton,2008,"4,153","2,506","8,502","15,161"
088,Easton,2006,"3,956","2,589","8,030","14,575"
088,Easton,2004,"3,977","2,698","8,023","14,698"
088,Easton,2002,"3,644","2,662","7,756","14,062"
089,Edgartown,2012,"1,088",472,"1,722","3,282"
089,Edgartown,2010,"1,096",479,"1,648","3,223"
089,Edgartown,2008,"1,094",508,"1,575","3,177"
089,Edgartown,2006,991,545,"1,400","2,936"
089,Edgartown,2004,992,592,"1,453","3,037"
089,Edgartown,2002,868,606,"1,332","2,806"
090,Egremont,2012,369,97,504,970
090,Egremont,2010,350,107,486,943
090,Egremont,2008,342,121,500,963
090,Egremont,2006,302,125,512,939
090,Egremont,2004,281,134,533,948
090,Egremont,2002,242,143,538,923
091,Erving,2012,246,112,744,"1,102"
091,Erving,2010,259,103,743,"1,105"
091,Erving,2008,253,110,756,"1,119"
091,Erving,2006,233,113,739,"1,085"
091,Erving,2004,231,126,708,"1,065"
091,Erving,2002,197,110,703,"1,010"
092,Essex,2012,549,510,"1,658","2,717"
092,Essex,2010,536,503,"1,573","2,612"
092,Essex,2008,572,538,"1,594","2,704"
092,Essex,2006,577,577,"1,452","2,606"
092,Essex,2004,578,618,"1,410","2,606"
092,Essex,2002,516,616,"1,445","2,577"
093,Everett,2012,"10,113","1,004","8,686","19,803"
093,Everett,2010,"9,787",960,"8,220","18,967"
093,Everett,2008,"9,970",975,"8,222","19,167"
093,Everett,2006,"9,394","1,108","7,915","18,417"
093,Everett,2004,"10,035","1,272","8,436","19,743"
093,Everett,2002,"10,244","1,460","8,742","20,446"
094,Fairhaven,2012,"3,646",914,"6,336","10,896"
094,Fairhaven,2010,"3,864",882,"6,128","10,874"
094,Fairhaven,2008,"3,965",877,"6,094","10,936"
094,Fairhaven,2006,"3,879",889,"5,804","10,572"
094,Fairhaven,2004,"3,946",946,"5,834","10,726"
094,Fairhaven,2002,"3,749",924,"5,777","10,450"
095,Fall River,2012,"27,279","3,454","19,533","50,266"
095,Fall River,2010,"27,796","3,328","17,995","49,119"
095,Fall River,2008,"28,731","3,436","17,596","49,763"
095,Fall River,2006,"28,038","3,480","16,054","47,572"
095,Fall River,2004,"30,313","3,894","16,620","50,827"
095,Fall River,2002,"30,360","3,817","16,181","50,358"
096,Falmouth,2012,"7,463","3,477","14,303","25,243"
096,Falmouth,2010,"7,810","3,552","14,624","25,986"
096,Falmouth,2008,"7,828","3,631","14,422","25,881"
096,Falmouth,2006,"7,575","3,737","13,547","24,859"
096,Falmouth,2004,"8,008","3,999","13,685","25,692"
096,Falmouth,2002,"7,250","3,950","14,136","25,336"
097,Fitchburg,2012,"7,210","2,239","12,289","21,738"
097,Fitchburg,2010,"6,894","2,117","11,310","20,321"
097,Fitchburg,2008,"7,529","2,305","12,039","21,873"
097,Fitchburg,2006,"8,086","2,577","12,596","23,259"
097,Fitchburg,2004,"8,059","2,537","12,013","22,609"
097,Fitchburg,2002,"7,738","2,418","11,693","21,849"
098,Florida,2012,109,44,384,537
098,Florida,2010,116,47,385,548
098,Florida,2008,125,43,379,547
098,Florida,2006,106,45,372,523
098,Florida,2004,110,50,351,511
098,Florida,2002,110,49,331,490
099,Foxborough,2012,"2,835","1,767","7,540","12,142"
099,Foxborough,2010,"2,787","1,691","6,982","11,460"
099,Foxborough,2008,"2,851","1,733","6,905","11,489"
099,Foxborough,2006,"2,794","1,815","6,489","11,098"
099,Foxborough,2004,"2,882","1,903","6,475","11,260"
099,Foxborough,2002,"2,769","1,860","6,490","11,119"
100,Framingham,2012,"13,522","3,552","19,682","36,756"
100,Framingham,2010,"12,784","3,492","18,512","34,788"
100,Framingham,2008,"13,373","3,798","19,502","36,673"
100,Framingham,2006,"12,999","4,067","19,206","36,272"
100,Framingham,2004,"13,698","4,456","19,873","38,027"
100,Framingham,2002,"12,931","4,494","20,085","37,510"
101,Franklin,2012,"4,731","3,225","13,002","20,958"
101,Franklin,2010,"4,681","3,133","12,236","20,050"
101,Franklin,2008,"4,744","3,078","12,089","19,911"
101,Franklin,2006,"4,463","2,983","11,113","18,559"
101,Franklin,2004,"4,465","3,043","11,090","18,598"
101,Franklin,2002,"4,273","2,855","10,438","17,566"
102,Freetown,2012,"1,675",723,"3,919","6,317"
102,Freetown,2010,"1,759",731,"3,959","6,449"
102,Freetown,2008,"1,768",711,"3,835","6,314"
102,Freetown,2006,"1,724",705,"3,555","5,984"
102,Freetown,2004,"1,720",704,"3,437","5,861"
102,Freetown,2002,"1,626",685,"3,362","5,673"
103,Gardner,2012,"3,842","1,405","6,465","11,712"
103,Gardner,2010,"3,917","1,331","6,151","11,399"
103,Gardner,2008,"4,222","1,362","6,325","11,909"
103,Gardner,2006,"4,099","1,335","5,649","11,083"
103,Gardner,2004,"4,415","1,472","5,716","11,603"
103,Gardner,2002,"4,274","1,419","5,439","11,132"
104,Aquinnah,2012,151,13,233,397
104,Aquinnah,2010,137,15,239,391
104,Aquinnah,2008,129,15,254,398
104,Aquinnah,2006,116,17,270,403
104,Aquinnah,2004,115,15,253,383
104,Aquinnah,2002,108,12,231,351
105,Georgetown,2012,"1,378","1,147","3,642","6,167"
105,Georgetown,2010,"1,412","1,087","3,473","5,972"
105,Georgetown,2008,"1,394","1,065","3,354","5,813"
105,Georgetown,2006,"1,321","1,062","3,090","5,473"
105,Georgetown,2004,"1,325","1,078","2,975","5,378"
105,Georgetown,2002,"1,156","1,003","2,676","4,835"
106,Gill,2012,317,88,688,"1,093"
106,Gill,2010,321,85,667,"1,073"
106,Gill,2008,319,99,700,"1,118"
106,Gill,2006,293,103,670,"1,066"
106,Gill,2004,319,111,755,"1,185"
106,Gill,2002,250,95,689,"1,034"
107,Gloucester,2012,"6,027","2,080","12,666","20,773"
107,Gloucester,2010,"5,845","1,980","12,132","19,957"
107,Gloucester,2008,"6,056","2,208","12,712","20,976"
107,Gloucester,2006,"5,799","2,335","12,164","20,298"
107,Gloucester,2004,"5,776","2,481","12,364","20,621"
107,Gloucester,2002,"5,266","2,458","11,953","19,677"
108,Goshen,2012,195,87,461,743
108,Goshen,2010,182,94,439,715
108,Goshen,2008,195,99,429,723
108,Goshen,2006,199,103,404,706
108,Goshen,2004,210,102,399,711
108,Goshen,2002,188,99,382,669
109,Gosnold,2012,21,18,105,144
109,Gosnold,2010,20,20,104,144
109,Gosnold,2008,14,17,98,129
109,Gosnold,2006,14,14,97,125
109,Gosnold,2004,14,12,92,118
109,Gosnold,2002,16,16,102,134
110,Grafton,2012,"2,897","1,820","7,570","12,287"
110,Grafton,2010,"2,769","1,764","7,111","11,644"
110,Grafton,2008,"2,849","1,821","7,070","11,740"
110,Grafton,2006,"2,609","1,769","6,485","10,863"
110,Grafton,2004,"2,645","1,767","6,449","10,861"
110,Grafton,2002,"2,516","1,655","6,584","10,755"
111,Granby,2012,"1,111",686,"2,718","4,515"
111,Granby,2010,"1,161",665,"2,689","4,515"
111,Granby,2008,"1,173",685,"2,642","4,500"
111,Granby,2006,"1,149",668,"2,434","4,251"
111,Granby,2004,"1,139",692,"2,394","4,225"
111,Granby,2002,"1,021",643,"2,344","4,008"
112,Granville,2012,170,224,763,"1,157"
112,Granville,2010,173,230,738,"1,141"
112,Granville,2008,177,230,741,"1,148"
112,Granville,2006,163,232,711,"1,106"
112,Granville,2004,160,218,706,"1,084"
112,Granville,2002,129,214,670,"1,013"
113,Great Barrington,2012,"1,863",372,"2,332","4,567"
113,Great Barrington,2010,"1,793",382,"2,329","4,504"
113,Great Barrington,2008,"1,824",439,"2,490","4,753"
113,Great Barrington,2006,"1,662",489,"2,415","4,566"
113,Great Barrington,2004,"1,691",537,"2,621","4,849"
113,Great Barrington,2002,"1,394",555,"2,465","4,414"
114,Greenfield,2012,"3,882","1,084","6,556","11,522"
114,Greenfield,2010,"3,875","1,140","6,412","11,427"
114,Greenfield,2008,"3,831","1,243","6,452","11,526"
114,Greenfield,2006,"3,637","1,284","6,199","11,120"
114,Greenfield,2004,"3,695","1,405","6,358","11,458"
114,Greenfield,2002,"3,156","1,389","6,172","10,717"
115,Groton,2012,"1,708","1,278","4,800","7,786"
115,Groton,2010,"1,666","1,261","4,383","7,310"
115,Groton,2008,"1,690","1,285","4,264","7,239"
115,Groton,2006,"1,543","1,277","3,817","6,637"
115,Groton,2004,"1,606","1,368","3,851","6,825"
115,Groton,2002,"1,368","1,327","3,650","6,345"
116,Groveland,2012,"1,010",776,"2,897","4,683"
116,Groveland,2010,"1,092",791,"2,869","4,752"
116,Groveland,2008,"1,118",788,"2,868","4,774"
116,Groveland,2006,"1,071",769,"2,691","4,531"
116,Groveland,2004,"1,075",799,"2,693","4,567"
116,Groveland,2002,916,689,"2,561","4,166"
117,Hadley,2012,"1,443",354,"2,072","3,869"
117,Hadley,2010,"1,347",353,"1,970","3,670"
117,Hadley,2008,"1,393",383,"2,063","3,839"
117,Hadley,2006,"1,322",398,"1,917","3,637"
117,Hadley,2004,"1,371",429,"1,939","3,739"
117,Hadley,2002,"1,187",410,"1,852","3,449"
118,Halifax,2012,"1,183",747,"3,393","5,323"
118,Halifax,2010,"1,319",781,"3,521","5,621"
118,Halifax,2008,"1,322",786,"3,459","5,567"
118,Halifax,2006,"1,273",786,"3,199","5,258"
118,Halifax,2004,"1,277",777,"3,103","5,157"
118,Halifax,2002,"1,197",772,"3,017","4,986"
119,Hamilton,2012,"1,035","1,267","3,517","5,819"
119,Hamilton,2010,"1,022","1,240","3,479","5,741"
119,Hamilton,2008,"1,024","1,358","3,503","5,885"
119,Hamilton,2006,917,"1,392","3,173","5,482"
119,Hamilton,2004,974,"1,519","3,426","5,919"
119,Hamilton,2002,879,"1,403","3,263","5,545"
120,Hampden,2012,720,726,"2,174","3,620"
120,Hampden,2010,787,722,"2,109","3,618"
120,Hampden,2008,819,749,"2,111","3,679"
120,Hampden,2006,801,805,"1,959","3,565"
120,Hampden,2004,822,822,"1,949","3,593"
120,Hampden,2002,726,740,"1,794","3,260"
121,Hancock,2012,115,69,339,523
121,Hancock,2010,123,59,329,511
121,Hancock,2008,116,56,334,506
121,Hancock,2006,104,53,334,491
121,Hancock,2004,90,49,340,479
121,Hancock,2002,78,51,327,456
122,Hanover,2012,"2,179","1,519","6,034","9,732"
122,Hanover,2010,"2,223","1,436","5,712","9,371"
122,Hanover,2008,"2,332","1,422","5,709","9,463"
122,Hanover,2006,"2,276","1,381","5,135","8,792"
122,Hanover,2004,"2,318","1,418","5,204","8,940"
122,Hanover,2002,"2,196","1,298","4,875","8,369"
123,Hanson,2012,"1,524","1,058","4,403","6,985"
123,Hanson,2010,"1,568","1,037","4,208","6,813"
123,Hanson,2008,"1,626","1,015","4,166","6,807"
123,Hanson,2006,"1,587","1,025","3,893","6,505"
123,Hanson,2004,"1,669","1,082","3,899","6,650"
123,Hanson,2002,"1,537","1,066","3,858","6,461"
124,Hardwick,2012,392,198,"1,124","1,714"
124,Hardwick,2010,435,209,"1,136","1,780"
124,Hardwick,2008,459,206,"1,152","1,817"
124,Hardwick,2006,445,212,"1,109","1,766"
124,Hardwick,2004,458,228,"1,052","1,738"
124,Hardwick,2002,479,222,"1,008","1,709"
125,Harvard,2012,"1,061",620,"2,592","4,273"
125,Harvard,2010,"1,015",602,"2,458","4,075"
125,Harvard,2008,"1,019",643,"2,431","4,093"
125,Harvard,2006,"1,003",680,"2,271","3,954"
125,Harvard,2004,989,712,"2,299","4,000"
125,Harvard,2002,830,695,"2,181","3,706"
126,Harwich,2012,"2,615","1,846","5,942","10,403"
126,Harwich,2010,"2,570","1,879","5,735","10,184"
126,Harwich,2008,"2,561","1,937","5,582","10,080"
126,Harwich,2006,"2,532","2,154","5,557","10,243"
126,Harwich,2004,"2,657","2,353","5,626","10,636"
126,Harwich,2002,"2,367","2,279","5,216","9,862"
127,Hatfield,2012,919,201,"1,438","2,558"
127,Hatfield,2010,913,196,"1,398","2,507"
127,Hatfield,2008,958,212,"1,429","2,599"
127,Hatfield,2006,958,220,"1,369","2,547"
127,Hatfield,2004,996,237,"1,345","2,578"
127,Hatfield,2002,928,218,"1,296","2,442"
128,Haverhill,2012,"12,942","5,211","24,932","43,085"
128,Haverhill,2010,"12,504","4,857","23,697","41,058"
128,Haverhill,2008,"12,691","4,830","23,459","40,980"
128,Haverhill,2006,"11,796","4,698","21,140","37,634"
128,Haverhill,2004,"11,735","4,752","20,100","36,587"
128,Haverhill,2002,"10,802","4,335","17,749","32,886"
129,Hawley,2012,39,25,185,249
129,Hawley,2010,37,25,165,227
129,Hawley,2008,32,27,161,220
129,Hawley,2006,36,30,153,219
129,Hawley,2004,47,31,179,257
129,Hawley,2002,42,33,175,250
130,Heath,2012,151,46,310,507
130,Heath,2010,149,45,319,513
130,Heath,2008,147,50,328,525
130,Heath,2006,139,50,330,519
130,Heath,2004,149,55,342,546
130,Heath,2002,124,49,345,518
131,Hingham,2012,"4,128","3,097","9,692","16,917"
131,Hingham,2010,"4,043","2,896","9,110","16,049"
131,Hingham,2008,"4,101","2,976","8,926","16,003"
131,Hingham,2006,"3,855","3,000","8,427","15,282"
131,Hingham,2004,"3,720","2,990","8,340","15,050"
131,Hingham,2002,"3,443","2,877","7,923","14,243"
132,Hinsdale,2012,361,135,910,"1,406"
132,Hinsdale,2010,378,136,908,"1,422"
132,Hinsdale,2008,400,161,926,"1,487"
132,Hinsdale,2006,357,165,872,"1,394"
132,Hinsdale,2004,380,173,962,"1,515"
132,Hinsdale,2002,325,167,882,"1,374"
133,Holbrook,2012,"2,343",715,"4,005","7,063"
133,Holbrook,2010,"2,388",715,"3,910","7,013"
133,Holbrook,2008,"2,521",771,"4,017","7,309"
133,Holbrook,2006,"2,445",843,"3,875","7,163"
133,Holbrook,2004,"2,482",889,"3,913","7,284"
133,Holbrook,2002,"2,345",874,"3,904","7,123"
134,Holden,2012,"2,802","2,119","7,925","12,846"
134,Holden,2010,"2,775","2,077","7,689","12,541"
134,Holden,2008,"2,795","2,101","7,629","12,525"
134,Holden,2006,"2,577","2,137","7,088","11,802"
134,Holden,2004,"2,532","2,214","7,067","11,813"
134,Holden,2002,"2,240","2,205","6,706","11,151"
135,Holland,2012,350,285,"1,208","1,843"
135,Holland,2010,371,276,"1,141","1,788"
135,Holland,2008,377,274,"1,163","1,814"
135,Holland,2006,334,243,"1,013","1,590"
135,Holland,2004,322,233,959,"1,514"
135,Holland,2002,298,207,914,"1,419"
136,Holliston,2012,"2,852","1,521","6,091","10,464"
136,Holliston,2010,"2,768","1,495","5,714","9,977"
136,Holliston,2008,"2,850","1,532","5,665","10,047"
136,Holliston,2006,"2,759","1,590","5,333","9,682"
136,Holliston,2004,"2,841","1,727","5,402","9,970"
136,Holliston,2002,"2,512","1,718","5,426","9,656"
137,Holyoke,2012,"11,747","2,113","11,749","25,609"
137,Holyoke,2010,"11,332","2,132","11,302","24,766"
137,Holyoke,2008,"11,486","2,101","11,454","25,041"
137,Holyoke,2006,"11,258","2,185","11,197","24,640"
137,Holyoke,2004,"11,574","2,301","11,456","25,331"
137,Holyoke,2002,"10,825","2,291","10,853","23,969"
138,Hopedale,2012,839,498,"2,588","3,925"
138,Hopedale,2010,872,491,"2,574","3,937"
138,Hopedale,2008,895,503,"2,598","3,996"
138,Hopedale,2006,894,529,"2,495","3,918"
138,Hopedale,2004,933,602,"2,684","4,219"
138,Hopedale,2002,898,570,"2,717","4,185"
139,Hopkinton,2012,"2,297","2,105","5,943","10,345"
139,Hopkinton,2010,"2,262","2,010","5,549","9,821"
139,Hopkinton,2008,"2,266","1,954","5,332","9,552"
139,Hopkinton,2006,"2,116","1,932","4,799","8,847"
139,Hopkinton,2004,"2,111","1,985","4,761","8,857"
139,Hopkinton,2002,"1,960","1,855","4,503","8,318"
140,Hubbardston,2012,558,460,"2,143","3,161"
140,Hubbardston,2010,533,450,"2,055","3,038"
140,Hubbardston,2008,524,467,"2,048","3,039"
140,Hubbardston,2006,498,430,"1,882","2,810"
140,Hubbardston,2004,494,444,"1,815","2,753"
140,Hubbardston,2002,455,421,"1,746","2,622"
141,Hudson,2012,"3,114","1,501","8,183","12,798"
141,Hudson,2010,"3,067","1,495","8,077","12,639"
141,Hudson,2008,"3,061","1,501","8,041","12,603"
141,Hudson,2006,"2,982","1,497","7,472","11,951"
141,Hudson,2004,"3,039","1,598","7,671","12,308"
141,Hudson,2002,"2,743","1,596","7,579","11,918"
142,Hull,2012,"2,792",912,"4,449","8,153"
142,Hull,2010,"2,817",833,"4,342","7,992"
142,Hull,2008,"2,801",841,"4,121","7,763"
142,Hull,2006,"2,791",881,"4,082","7,754"
142,Hull,2004,"2,965",981,"4,299","8,245"
142,Hull,2002,"2,898","1,007","4,515","8,420"
143,Huntington,2012,282,197,937,"1,416"
143,Huntington,2010,286,185,942,"1,413"
143,Huntington,2008,282,178,945,"1,405"
143,Huntington,2006,241,164,885,"1,290"
143,Huntington,2004,249,168,939,"1,356"
143,Huntington,2002,233,182,964,"1,379"
144,Ipswich,2012,"2,346","1,580","6,542","10,468"
144,Ipswich,2010,"2,285","1,528","6,276","10,089"
144,Ipswich,2008,"2,226","1,589","6,353","10,168"
144,Ipswich,2006,"1,999","1,565","6,016","9,580"
144,Ipswich,2004,"1,887","1,549","5,323","8,759"
144,Ipswich,2002,"1,708","1,375","4,881","7,964"
145,Kingston,2012,"2,005","1,466","5,421","8,892"
145,Kingston,2010,"2,071","1,418","5,134","8,623"
145,Kingston,2008,"2,188","1,454","5,007","8,649"
145,Kingston,2006,"2,120","1,485","4,599","8,204"
145,Kingston,2004,"2,186","1,539","4,544","8,269"
145,Kingston,2002,"1,970","1,445","4,385","7,800"
146,Lakeville,2012,"1,456","1,284","4,972","7,712"
146,Lakeville,2010,"1,475","1,250","4,729","7,454"
146,Lakeville,2008,"1,497","1,245","4,585","7,327"
146,Lakeville,2006,"1,400","1,234","4,269","6,903"
146,Lakeville,2004,"1,356","1,280","4,229","6,865"
146,Lakeville,2002,"1,253","1,176","4,039","6,468"
147,Lancaster,2012,952,745,"3,086","4,783"
147,Lancaster,2010,936,739,"2,999","4,674"
147,Lancaster,2008,965,748,"2,991","4,704"
147,Lancaster,2006,849,762,"2,704","4,315"
147,Lancaster,2004,872,806,"2,733","4,411"
147,Lancaster,2002,790,800,"2,541","4,131"
148,Lanesborough,2012,645,220,"1,328","2,193"
148,Lanesborough,2010,646,217,"1,326","2,189"
148,Lanesborough,2008,646,221,"1,315","2,182"
148,Lanesborough,2006,577,217,"1,275","2,069"
148,Lanesborough,2004,573,227,"1,276","2,076"
148,Lanesborough,2002,532,229,"1,181","1,942"
149,Lawrence,2012,"22,088","2,344","15,889","40,321"
149,Lawrence,2010,"20,092","2,355","14,294","36,741"
149,Lawrence,2008,"21,254","2,980","15,677","39,911"
149,Lawrence,2006,"17,914","2,951","13,185","34,050"
149,Lawrence,2004,"17,765","2,981","12,414","33,160"
149,Lawrence,2002,"16,892","3,139","12,308","32,339"
150,Lee,2012,"1,187",335,"2,530","4,052"
150,Lee,2010,"1,163",336,"2,475","3,974"
150,Lee,2008,"1,165",348,"2,465","3,978"
150,Lee,2006,"1,136",356,"2,420","3,912"
150,Lee,2004,"1,160",373,"2,581","4,114"
150,Lee,2002,"1,023",386,"2,679","4,088"
151,Leicester,2012,"2,189",841,"4,412","7,442"
151,Leicester,2010,"2,284",815,"4,210","7,309"
151,Leicester,2008,"2,408",825,"4,206","7,439"
151,Leicester,2006,"2,306",810,"3,883","6,999"
151,Leicester,2004,"2,350",840,"3,831","7,021"
151,Leicester,2002,"2,297",821,"3,668","6,786"
152,Lenox,2012,"1,641",433,"1,701","3,775"
152,Lenox,2010,"1,627",454,"1,631","3,712"
152,Lenox,2008,"1,629",492,"1,653","3,774"
152,Lenox,2006,"1,578",538,"1,584","3,700"
152,Lenox,2004,"1,603",573,"1,641","3,817"
152,Lenox,2002,"1,470",588,"1,634","3,692"
153,Leominster,2012,"7,482","3,029","15,627","26,138"
153,Leominster,2010,"8,032","3,129","16,172","27,333"
153,Leominster,2008,"8,126","3,070","15,761","26,957"
153,Leominster,2006,"8,029","3,187","15,558","26,774"
153,Leominster,2004,"8,150","3,180","15,425","26,755"
153,Leominster,2002,"7,814","2,995","14,573","25,382"
154,Leverett,2012,711,114,655,"1,480"
154,Leverett,2010,681,108,629,"1,418"
154,Leverett,2008,691,108,642,"1,441"
154,Leverett,2006,638,123,613,"1,374"
154,Leverett,2004,644,120,641,"1,405"
154,Leverett,2002,583,131,610,"1,324"
155,Lexington,2012,"8,513","2,228","11,366","22,107"
155,Lexington,2010,"8,565","2,245","10,663","21,473"
155,Lexington,2008,"8,534","2,362","10,470","21,366"
155,Lexington,2006,"8,076","2,501","9,511","20,088"
155,Lexington,2004,"8,337","2,761","9,668","20,766"
155,Lexington,2002,"8,078","2,954","9,320","20,352"
156,Leyden,2012,130,84,342,556
156,Leyden,2010,130,85,346,561
156,Leyden,2008,131,89,349,569
156,Leyden,2006,124,91,327,542
156,Leyden,2004,133,93,334,560
156,Leyden,2002,125,94,348,567
157,Lincoln,2012,"1,586",548,"2,398","4,532"
157,Lincoln,2010,"1,542",558,"2,313","4,413"
157,Lincoln,2008,"1,535",571,"2,322","4,428"
157,Lincoln,2006,"1,371",584,"2,146","4,101"
157,Lincoln,2004,"1,409",648,"2,158","4,215"
157,Lincoln,2002,"1,265",651,"2,255","4,171"
158,Littleton,2012,"1,478",905,"4,056","6,439"
158,Littleton,2010,"1,459",889,"3,811","6,159"
158,Littleton,2008,"1,465",874,"3,765","6,104"
158,Littleton,2006,"1,331",846,"3,378","5,555"
158,Littleton,2004,"1,403",909,"3,547","5,859"
158,Littleton,2002,"1,256",883,"3,311","5,450"
159,Longmeadow,2012,"3,895","2,661","5,608","12,164"
159,Longmeadow,2010,"3,944","2,649","5,377","11,970"
159,Longmeadow,2008,"3,975","2,732","5,206","11,913"
159,Longmeadow,2006,"3,774","2,853","4,802","11,429"
159,Longmeadow,2004,"3,781","3,069","4,849","11,699"
159,Longmeadow,2002,"3,462","3,111","4,714","11,287"
160,Lowell,2012,"21,926","4,816","27,551","54,293"
160,Lowell,2010,"21,576","4,858","26,663","53,097"
160,Lowell,2008,"21,505","4,877","25,606","51,988"
160,Lowell,2006,"20,685","4,949","23,975","49,609"
160,Lowell,2004,"20,788","4,918","22,691","48,397"
160,Lowell,2002,"20,090","4,751","21,713","46,554"
161,Ludlow,2012,"5,518","1,637","6,409","13,564"
161,Ludlow,2010,"5,931","1,642","6,231","13,804"
161,Ludlow,2008,"6,155","1,643","6,099","13,897"
161,Ludlow,2006,"6,069","1,611","5,465","13,145"
161,Ludlow,2004,"6,184","1,596","5,186","12,966"
161,Ludlow,2002,"6,106","1,452","4,768","12,326"
162,Lunenburg,2012,"1,448","1,224","4,625","7,297"
162,Lunenburg,2010,"1,446","1,190","4,398","7,034"
162,Lunenburg,2008,"1,523","1,225","4,505","7,253"
162,Lunenburg,2006,"1,468","1,282","4,292","7,042"
162,Lunenburg,2004,"1,477","1,336","4,313","7,126"
162,Lunenburg,2002,"1,328","1,269","4,001","6,598"
163,Lynn,2012,"24,209","3,137","22,961","50,307"
163,Lynn,2010,"23,410","3,219","22,589","49,218"
163,Lynn,2008,"23,178","3,217","22,281","48,676"
163,Lynn,2006,"22,166","3,442","21,878","47,486"
163,Lynn,2004,"22,311","3,649","21,915","47,875"
163,Lynn,2002,"21,242","3,478","21,296","46,016"
164,Lynnfield,2012,"1,910","1,810","5,519","9,239"
164,Lynnfield,2010,"1,980","1,741","5,265","8,986"
164,Lynnfield,2008,"2,005","1,765","5,136","8,906"
164,Lynnfield,2006,"1,893","1,741","4,749","8,383"
164,Lynnfield,2004,"1,942","1,842","4,825","8,609"
164,Lynnfield,2002,"1,775","1,812","4,511","8,098"
165,Malden,2012,"13,857","1,858","15,081","30,796"
165,Malden,2010,"13,236","1,836","14,233","29,305"
165,Malden,2008,"13,819","2,017","14,332","30,168"
165,Malden,2006,"12,739","2,070","13,173","27,982"
165,Malden,2004,"13,671","2,357","13,858","29,886"
165,Malden,2002,"13,276","2,392","14,097","29,765"
166,Manchester By The Sea,2012,917,832,"2,403","4,152"
166,Manchester By The Sea,2010,875,815,"2,275","3,965"
166,Manchester By The Sea,2008,841,841,"2,196","3,878"
166,Manchester By The Sea,2006,754,870,"2,131","3,755"
166,Manchester By The Sea,2004,777,964,"2,140","3,881"
166,Manchester By The Sea,2002,665,"1,013","2,227","3,905"
167,Mansfield,2012,"3,802","2,366","9,016","15,184"
167,Mansfield,2010,"3,732","2,281","8,393","14,406"
167,Mansfield,2008,"3,778","2,275","8,346","14,399"
167,Mansfield,2006,"3,570","2,304","7,638","13,512"
167,Mansfield,2004,"3,629","2,489","7,805","13,923"
167,Mansfield,2002,"3,187","2,423","7,524","13,134"
168,Marblehead,2012,"4,201","2,407","8,691","15,299"
168,Marblehead,2010,"4,004","2,346","8,387","14,737"
168,Marblehead,2008,"4,108","2,519","8,711","15,338"
168,Marblehead,2006,"3,876","2,731","8,593","15,200"
168,Marblehead,2004,"3,743","2,765","8,449","14,957"
168,Marblehead,2002,"3,307","2,747","7,844","13,898"
169,Marion,2012,942,715,"2,243","3,900"
169,Marion,2010,882,729,"2,086","3,697"
169,Marion,2008,896,783,"2,132","3,811"
169,Marion,2006,848,810,"1,987","3,645"
169,Marion,2004,903,887,"2,010","3,800"
169,Marion,2002,800,884,"1,984","3,668"
170,Marlborough,2012,"6,505","2,719","12,399","21,623"
170,Marlborough,2010,"6,238","2,592","11,418","20,248"
170,Marlborough,2008,"6,350","2,683","11,134","20,167"
170,Marlborough,2006,"6,070","2,648","10,115","18,833"
170,Marlborough,2004,"6,420","2,884","10,465","19,769"
170,Marlborough,2002,"6,040","2,798","9,858","18,696"
171,Marshfield,2012,"4,700","2,712","11,345","18,757"
171,Marshfield,2010,"4,697","2,543","10,703","17,943"
171,Marshfield,2008,"4,848","2,509","10,395","17,752"
171,Marshfield,2006,"4,882","2,583","9,776","17,241"
171,Marshfield,2004,"5,173","2,821","10,136","18,130"
171,Marshfield,2002,"4,778","2,729","9,758","17,265"
172,Mashpee,2012,"2,636","1,720","6,196","10,552"
172,Mashpee,2010,"2,712","1,665","5,962","10,339"
172,Mashpee,2008,"2,715","1,636","5,630","9,981"
172,Mashpee,2006,"2,693","1,778","5,594","10,065"
172,Mashpee,2004,"2,716","1,854","5,593","10,163"
172,Mashpee,2002,"2,467","1,707","5,307","9,481"
173,Mattapoisett,2012,"1,182",723,"3,131","5,036"
173,Mattapoisett,2010,"1,188",713,"3,037","4,938"
173,Mattapoisett,2008,"1,180",744,"3,039","4,963"
173,Mattapoisett,2006,"1,157",765,"2,850","4,772"
173,Mattapoisett,2004,"1,180",798,"2,816","4,794"
173,Mattapoisett,2002,"1,044",823,"2,778","4,645"
174,Maynard,2012,"2,314",768,"4,119","7,201"
174,Maynard,2010,"2,403",782,"4,237","7,422"
174,Maynard,2008,"2,311",750,"4,080","7,141"
174,Maynard,2006,"2,215",782,"3,968","6,965"
174,Maynard,2004,"2,172",859,"4,028","7,059"
174,Maynard,2002,"2,058",885,"4,015","6,958"
175,Medfield,2012,"1,704","1,453","5,352","8,509"
175,Medfield,2010,"1,728","1,433","5,222","8,383"
175,Medfield,2008,"1,749","1,462","5,220","8,431"
175,Medfield,2006,"1,604","1,522","4,911","8,037"
175,Medfield,2004,"1,633","1,575","5,079","8,287"
175,Medfield,2002,"1,531","1,554","4,791","7,876"
176,Medford,2012,"16,846","2,598","17,881","37,325"
176,Medford,2010,"16,180","2,522","16,343","35,045"
176,Medford,2008,"16,588","2,610","16,247","35,445"
176,Medford,2006,"15,654","2,560","14,931","33,145"
176,Medford,2004,"16,575","2,886","15,959","35,420"
176,Medford,2002,"15,796","2,847","15,803","34,446"
177,Medway,2012,"2,063","1,333","5,841","9,237"
177,Medway,2010,"2,063","1,291","5,717","9,071"
177,Medway,2008,"2,101","1,258","5,577","8,936"
177,Medway,2006,"1,916","1,188","5,258","8,362"
177,Medway,2004,"1,917","1,214","5,203","8,334"
177,Medway,2002,"1,850","1,210","4,893","7,953"
178,Melrose,2012,"6,875","2,265","10,316","19,456"
178,Melrose,2010,"6,829","2,263","10,068","19,160"
178,Melrose,2008,"7,166","2,447","10,116","19,729"
178,Melrose,2006,"6,774","2,606","9,345","18,725"
178,Melrose,2004,"7,072","2,881","9,534","19,487"
178,Melrose,2002,"6,498","2,938","9,216","18,652"
179,Mendon,2012,811,706,"2,726","4,243"
179,Mendon,2010,834,705,"2,697","4,236"
179,Mendon,2008,825,734,"2,641","4,200"
179,Mendon,2006,795,725,"2,427","3,947"
179,Mendon,2004,842,784,"2,368","3,994"
179,Mendon,2002,742,701,"2,134","3,577"
180,Merrimac,2012,985,677,"2,913","4,575"
180,Merrimac,2010,"1,032",657,"2,778","4,467"
180,Merrimac,2008,"1,026",672,"2,740","4,438"
180,Merrimac,2006,976,732,"2,519","4,227"
180,Merrimac,2004,967,781,"2,471","4,219"
180,Merrimac,2002,894,777,"2,424","4,095"
181,Methuen,2012,"11,376","3,880","15,297","30,553"
181,Methuen,2010,"11,437","3,806","14,273","29,516"
181,Methuen,2008,"12,023","4,022","14,214","30,259"
181,Methuen,2006,"11,248","3,942","12,221","27,411"
181,Methuen,2004,"11,921","4,413","12,357","28,691"
181,Methuen,2002,"12,328","4,692","11,601","28,621"
182,Middleborough,2012,"3,293","2,152","10,517","15,962"
182,Middleborough,2010,"3,361","2,117","10,187","15,665"
182,Middleborough,2008,"3,472","2,169","10,022","15,663"
182,Middleborough,2006,"3,222","2,082","9,084","14,388"
182,Middleborough,2004,"3,134","2,076","8,717","13,927"
182,Middleborough,2002,"2,740","1,847","8,160","12,747"
183,Middlefield,2012,105,70,181,356
183,Middlefield,2010,106,76,188,370
183,Middlefield,2008,94,73,184,351
183,Middlefield,2006,92,75,179,346
183,Middlefield,2004,110,74,179,363
183,Middlefield,2002,100,74,192,366
184,Middleton,2012,"1,276",900,"3,600","5,776"
184,Middleton,2010,"1,232",834,"3,450","5,516"
184,Middleton,2008,"1,249",812,"3,393","5,454"
184,Middleton,2006,"1,178",782,"3,130","5,090"
184,Middleton,2004,"1,121",734,"3,021","4,876"
184,Middleton,2002,"1,000",646,"2,816","4,462"
185,Milford,2012,"5,422","1,972","10,294","17,688"
185,Milford,2010,"5,440","1,827","9,461","16,728"
185,Milford,2008,"5,375","1,747","8,862","15,984"
185,Milford,2006,"5,224","1,672","7,983","14,879"
185,Milford,2004,"5,474","1,950","8,080","15,504"
185,Milford,2002,"5,411","1,836","7,699","14,946"
186,Millbury,2012,"2,603","1,089","5,383","9,075"
186,Millbury,2010,"2,625",993,"5,152","8,770"
186,Millbury,2008,"2,718",984,"5,039","8,741"
186,Millbury,2006,"2,715","1,018","4,594","8,327"
186,Millbury,2004,"2,897","1,035","4,720","8,652"
186,Millbury,2002,"2,860",961,"4,529","8,350"
187,Millis,2012,"1,462",859,"3,345","5,666"
187,Millis,2010,"1,459",841,"3,210","5,510"
187,Millis,2008,"1,469",815,"3,044","5,328"
187,Millis,2006,"1,475",865,"2,729","5,069"
187,Millis,2004,"1,577",952,"2,687","5,216"
187,Millis,2002,"1,279",864,"2,999","5,142"
188,Millville,2012,403,207,"1,417","2,027"
188,Millville,2010,370,190,"1,281","1,841"
188,Millville,2008,408,200,"1,281","1,889"
188,Millville,2006,418,175,"1,231","1,824"
188,Millville,2004,408,176,"1,243","1,827"
188,Millville,2002,349,143,"1,227","1,719"
189,Milton,2012,"8,830","1,673","9,033","19,536"
189,Milton,2010,"8,609","1,568","8,275","18,452"
189,Milton,2008,"8,795","1,647","8,124","18,566"
189,Milton,2006,"8,702","1,700","7,660","18,062"
189,Milton,2004,"8,769","1,847","7,648","18,264"
189,Milton,2002,"6,658","1,427","6,221","14,306"
190,Monroe,2012,9,4,55,68
190,Monroe,2010,8,5,55,68
190,Monroe,2008,9,6,58,73
190,Monroe,2006,5,8,54,67
190,Monroe,2004,6,6,56,68
190,Monroe,2002,5,7,52,64
191,Monson,2012,"1,585",836,"3,208","5,629"
191,Monson,2010,"1,671",831,"3,169","5,671"
191,Monson,2008,"1,737",843,"3,250","5,830"
191,Monson,2006,"1,681",821,"2,932","5,434"
191,Monson,2004,"1,712",839,"2,797","5,348"
191,Monson,2002,"1,599",787,"2,638","5,024"
192,Montague,2012,"1,950",423,"3,448","5,821"
192,Montague,2010,"1,973",449,"3,428","5,850"
192,Montague,2008,"1,997",466,"3,400","5,863"
192,Montague,2006,"1,830",466,"3,017","5,313"
192,Montague,2004,"1,828",520,"3,110","5,458"
192,Montague,2002,"1,592",505,"2,977","5,074"
193,Monterey,2012,308,87,341,736
193,Monterey,2010,291,91,322,704
193,Monterey,2008,309,102,351,762
193,Monterey,2006,268,97,320,685
193,Monterey,2004,270,103,340,713
193,Monterey,2002,239,99,311,649
194,Montgomery,2012,95,103,414,612
194,Montgomery,2010,93,91,391,575
194,Montgomery,2008,91,91,405,587
194,Montgomery,2006,91,92,395,578
194,Montgomery,2004,85,81,365,531
194,Montgomery,2002,80,76,368,524
195,Mount Washington,2012,39,10,72,121
195,Mount Washington,2010,44,11,73,128
195,Mount Washington,2008,45,12,70,127
195,Mount Washington,2006,39,12,58,109
195,Mount Washington,2004,39,12,61,112
195,Mount Washington,2002,26,18,60,104
196,Nahant,2012,952,234,"1,472","2,658"
196,Nahant,2010,956,234,"1,356","2,546"
196,Nahant,2008,"1,012",264,"1,344","2,620"
196,Nahant,2006,995,284,"1,269","2,548"
196,Nahant,2004,"1,004",311,"1,248","2,563"
196,Nahant,2002,998,293,"1,204","2,495"
197,Nantucket,2012,"2,458","1,295","4,641","8,394"
197,Nantucket,2010,"2,283","1,251","4,373","7,907"
197,Nantucket,2008,"2,293","1,360","4,511","8,164"
197,Nantucket,2006,"2,154","1,487","4,357","7,998"
197,Nantucket,2004,"2,097","1,502","4,274","7,873"
197,Nantucket,2002,"1,899","1,484","4,085","7,468"
198,Natick,2012,"8,114","2,965","13,127","24,206"
198,Natick,2010,"7,849","2,854","12,266","22,969"
198,Natick,2008,"7,811","2,786","11,860","22,457"
198,Natick,2006,"7,162","2,669","10,404","20,235"
198,Natick,2004,"7,305","2,903","10,461","20,669"
198,Natick,2002,"6,706","2,879","10,533","20,118"
199,Needham,2012,"7,179","2,716","11,412","21,307"
199,Needham,2010,"7,162","2,730","10,860","20,752"
199,Needham,2008,"7,321","2,907","10,783","21,011"
199,Needham,2006,"6,963","3,022","9,979","19,964"
199,Needham,2004,"7,090","3,241","9,962","20,293"
199,Needham,2002,"6,474","3,298","10,459","20,231"
200,New Ashford,2012,36,11,128,175
200,New Ashford,2010,33,11,129,173
200,New Ashford,2008,33,9,125,167
200,New Ashford,2006,34,10,110,154
200,New Ashford,2004,49,14,133,196
200,New Ashford,2002,51,15,136,202
201,New Bedford,2012,"26,772","3,285","23,114","53,171"
201,New Bedford,2010,"29,240","3,626","24,576","57,442"
201,New Bedford,2008,"28,625","3,482","23,139","55,246"
201,New Bedford,2006,"27,172","3,543","20,920","51,635"
201,New Bedford,2004,"28,691","3,950","21,228","53,869"
201,New Bedford,2002,"29,694","4,110","22,835","56,639"
202,New Braintree,2012,135,75,506,716
202,New Braintree,2010,151,75,477,703
202,New Braintree,2008,137,78,464,679
202,New Braintree,2006,127,82,446,655
202,New Braintree,2004,122,87,439,648
202,New Braintree,2002,101,82,425,608
203,New Marlborough,2012,332,147,646,"1,125"
203,New Marlborough,2010,315,147,664,"1,126"
203,New Marlborough,2008,297,147,664,"1,108"
203,New Marlborough,2006,265,159,671,"1,095"
203,New Marlborough,2004,249,160,679,"1,088"
203,New Marlborough,2002,181,152,665,998
204,New Salem,2012,169,107,456,732
204,New Salem,2010,183,112,473,768
204,New Salem,2008,185,114,482,781
204,New Salem,2006,167,112,450,729
204,New Salem,2004,170,100,434,704
204,New Salem,2002,161,91,415,667
205,Newbury,2012,"1,161",807,"3,221","5,189"
205,Newbury,2010,"1,126",809,"3,150","5,085"
205,Newbury,2008,"1,136",838,"3,154","5,128"
205,Newbury,2006,"1,085",852,"2,988","4,925"
205,Newbury,2004,"1,095",890,"2,969","4,954"
205,Newbury,2002,925,926,"2,999","4,850"
206,Newburyport,2012,"4,238","1,793","7,727","13,758"
206,Newburyport,2010,"4,056","1,699","7,271","13,026"
206,Newburyport,2008,"4,058","1,700","7,156","12,914"
206,Newburyport,2006,"3,815","1,802","6,737","12,354"
206,Newburyport,2004,"3,797","1,871","6,651","12,319"
206,Newburyport,2002,"3,595","2,035","6,922","12,552"
207,Newton,2012,"25,934","4,580","26,911","57,425"
207,Newton,2010,"25,834","4,541","25,434","55,809"
207,Newton,2008,"25,873","4,642","24,838","55,353"
207,Newton,2006,"24,614","4,830","22,958","52,402"
207,Newton,2004,"25,873","5,568","23,952","55,393"
207,Newton,2002,"25,702","6,513","25,550","57,765"
208,Norfolk,2012,"1,256","1,286","4,052","6,594"
208,Norfolk,2010,"1,295","1,251","3,851","6,397"
208,Norfolk,2008,"1,307","1,255","3,731","6,293"
208,Norfolk,2006,"1,253","1,282","3,421","5,956"
208,Norfolk,2004,"1,257","1,356","3,343","5,956"
208,Norfolk,2002,"1,068","1,230","3,346","5,644"
209,North Adams,2012,"3,126",642,"5,265","9,033"
209,North Adams,2010,"3,178",640,"5,233","9,051"
209,North Adams,2008,"3,168",696,"5,191","9,055"
209,North Adams,2006,"2,963",716,"5,180","8,859"
209,North Adams,2004,"3,022",796,"5,118","8,936"
209,North Adams,2002,"2,845",908,"5,219","8,972"
210,North Andover,2012,"4,454","3,134","11,286","18,874"
210,North Andover,2010,"4,478","3,021","10,553","18,052"
210,North Andover,2008,"4,545","3,090","10,506","18,141"
210,North Andover,2006,"4,135","3,039","9,452","16,626"
210,North Andover,2004,"4,337","3,238","9,709","17,284"
210,North Andover,2002,"4,103","3,132","9,449","16,684"
211,North Attleborough,2012,"4,102","3,277","11,810","19,189"
211,North Attleborough,2010,"4,082","3,203","11,346","18,631"
211,North Attleborough,2008,"4,262","3,313","11,309","18,884"
211,North Attleborough,2006,"4,220","3,532","10,902","18,654"
211,North Attleborough,2004,"4,259","3,729","11,021","19,009"
211,North Attleborough,2002,"3,591","3,439","10,895","17,925"
212,North Brookfield,2012,681,487,"2,091","3,259"
212,North Brookfield,2010,709,474,"2,108","3,291"
212,North Brookfield,2008,749,477,"2,036","3,262"
212,North Brookfield,2006,730,478,"1,868","3,076"
212,North Brookfield,2004,746,478,"1,801","3,025"
212,North Brookfield,2002,719,461,"1,776","2,956"
213,North Reading,2012,"2,757","1,794","6,371","10,922"
213,North Reading,2010,"2,739","1,685","5,980","10,404"
213,North Reading,2008,"2,804","1,687","5,791","10,282"
213,North Reading,2006,"2,669","1,426","5,539","9,634"
213,North Reading,2004,"2,727","1,766","5,292","9,785"
213,North Reading,2002,"2,627","1,769","5,178","9,574"
214,Northampton,2012,"10,338",889,"9,350","20,577"
214,Northampton,2010,"9,816",895,"8,732","19,443"
214,Northampton,2008,"10,066",994,"9,278","20,338"
214,Northampton,2006,"9,192","1,036","8,797","19,025"
214,Northampton,2004,"9,480","1,126","9,360","19,966"
214,Northampton,2002,"8,382","1,140","9,367","18,889"
215,Northborough,2012,"2,396","1,659","6,608","10,663"
215,Northborough,2010,"2,300","1,575","6,184","10,059"
215,Northborough,2008,"2,268","1,582","5,939","9,789"
215,Northborough,2006,"2,170","1,603","5,488","9,261"
215,Northborough,2004,"2,134","1,638","5,488","9,260"
215,Northborough,2002,"1,895","1,626","5,388","8,909"
216,Northbridge,2012,"2,231","1,883","6,316","10,430"
216,Northbridge,2010,"2,313","1,835","6,232","10,380"
216,Northbridge,2008,"2,448","1,844","6,359","10,651"
216,Northbridge,2006,"2,372","1,851","6,060","10,283"
216,Northbridge,2004,"2,355","1,813","5,749","9,917"
216,Northbridge,2002,"2,255","1,677","5,485","9,417"
217,Northfield,2012,506,232,"1,403","2,141"
217,Northfield,2010,514,229,"1,385","2,128"
217,Northfield,2008,505,231,"1,368","2,104"
217,Northfield,2006,483,251,"1,360","2,094"
217,Northfield,2004,491,305,"1,392","2,188"
217,Northfield,2002,357,288,"1,290","1,935"
218,Norton,2012,"2,683","1,657","7,640","11,980"
218,Norton,2010,"2,643","1,619","7,285","11,547"
218,Norton,2008,"2,687","1,636","7,241","11,564"
218,Norton,2006,"2,477","1,578","6,692","10,747"
218,Norton,2004,"2,516","1,606","6,466","10,588"
218,Norton,2002,"2,253","1,483","6,088","9,824"
219,Norwell,2012,"1,729","1,546","4,491","7,766"
219,Norwell,2010,"1,754","1,447","4,191","7,392"
219,Norwell,2008,"1,829","1,543","4,284","7,656"
219,Norwell,2006,"1,770","1,565","3,982","7,317"
219,Norwell,2004,"1,792","1,593","3,892","7,277"
219,Norwell,2002,"1,610","1,466","3,636","6,712"
220,Norwood,2012,"7,136","2,103","11,390","20,629"
220,Norwood,2010,"7,069","2,061","10,929","20,059"
220,Norwood,2008,"7,029","2,040","10,355","19,424"
220,Norwood,2006,"6,949","2,051","9,694","18,694"
220,Norwood,2004,"7,192","2,193","9,669","19,054"
220,Norwood,2002,"7,314","2,325","10,008","19,647"
221,Oak Bluffs,2012,"1,224",375,"1,864","3,463"
221,Oak Bluffs,2010,"1,186",341,"1,832","3,359"
221,Oak Bluffs,2008,"1,120",359,"1,768","3,247"
221,Oak Bluffs,2006,"1,057",416,"1,752","3,225"
221,Oak Bluffs,2004,"1,016",432,"1,768","3,216"
221,Oak Bluffs,2002,938,438,"1,804","3,180"
222,Oakham,2012,221,169,964,"1,354"
222,Oakham,2010,213,175,940,"1,328"
222,Oakham,2008,216,180,936,"1,332"
222,Oakham,2006,207,181,832,"1,220"
222,Oakham,2004,216,181,851,"1,248"
222,Oakham,2002,181,170,771,"1,122"
223,Orange,2012,"1,032",599,"3,137","4,768"
223,Orange,2010,"1,117",625,"3,151","4,893"
223,Orange,2008,"1,113",642,"3,131","4,886"
223,Orange,2006,"1,040",633,"2,907","4,580"
223,Orange,2004,"1,038",633,"2,883","4,554"
223,Orange,2002,899,616,"2,714","4,229"
224,Orleans,2012,"1,371","1,118","2,913","5,402"
224,Orleans,2010,"1,338","1,193","2,879","5,410"
224,Orleans,2008,"1,323","1,313","2,938","5,574"
224,Orleans,2006,"1,202","1,430","2,802","5,434"
224,Orleans,2004,"1,216","1,566","2,797","5,579"
224,Orleans,2002,"1,076","1,612","2,891","5,579"
225,Otis,2012,276,164,685,"1,125"
225,Otis,2010,273,156,663,"1,092"
225,Otis,2008,280,154,651,"1,085"
225,Otis,2006,251,156,619,"1,026"
225,Otis,2004,234,169,623,"1,026"
225,Otis,2002,176,149,600,925
226,Oxford,2012,"2,295","1,108","5,459","8,862"
226,Oxford,2010,"2,412","1,049","5,343","8,804"
226,Oxford,2008,"2,538","1,070","5,316","8,924"
226,Oxford,2006,"2,480","1,083","4,983","8,546"
226,Oxford,2004,"2,606","1,093","4,925","8,624"
226,Oxford,2002,"2,541","1,036","4,738","8,315"
227,Palmer,2012,"2,374","1,028","4,846","8,248"
227,Palmer,2010,"2,437","1,004","4,627","8,068"
227,Palmer,2008,"2,580","1,033","4,754","8,367"
227,Palmer,2006,"2,580","1,002","4,406","7,988"
227,Palmer,2004,"2,651","1,022","4,378","8,051"
227,Palmer,2002,"2,579",937,"4,193","7,709"
228,Paxton,2012,747,475,"1,929","3,151"
228,Paxton,2010,823,448,"1,895","3,166"
228,Paxton,2008,821,453,"1,888","3,162"
228,Paxton,2006,768,434,"1,753","2,955"
228,Paxton,2004,848,526,"1,962","3,336"
228,Paxton,2002,752,507,"1,962","3,221"
229,Peabody,2012,"11,842","3,266","20,597","35,705"
229,Peabody,2010,"11,847","3,090","19,541","34,478"
229,Peabody,2008,"11,750","2,950","18,524","33,224"
229,Peabody,2006,"11,346","2,859","17,567","31,772"
229,Peabody,2004,"11,866","2,974","18,074","32,914"
229,Peabody,2002,"11,626","2,712","17,238","31,576"
230,Pelham,2012,496,51,472,"1,019"
230,Pelham,2010,549,58,551,"1,158"
230,Pelham,2008,538,52,528,"1,118"
230,Pelham,2006,481,60,501,"1,042"
230,Pelham,2004,460,68,497,"1,025"
230,Pelham,2002,394,81,524,999
231,Pembroke,2012,"3,003","1,822","7,829","12,654"
231,Pembroke,2010,"3,024","1,773","7,352","12,149"
231,Pembroke,2008,"3,169","1,761","7,381","12,311"
231,Pembroke,2006,"3,030","1,661","6,610","11,301"
231,Pembroke,2004,"3,144","1,710","6,583","11,437"
231,Pembroke,2002,"3,010","1,683","6,400","11,093"
232,Pepperell,2012,"1,678","1,476","5,002","8,156"
232,Pepperell,2010,"1,753","1,478","4,939","8,170"
232,Pepperell,2008,"1,791","1,476","4,839","8,106"
232,Pepperell,2006,"1,757","1,426","4,438","7,621"
232,Pepperell,2004,"1,816","1,459","4,416","7,691"
232,Pepperell,2002,"1,616","1,400","4,199","7,215"
233,Peru,2012,134,56,405,595
233,Peru,2010,130,65,397,592
233,Peru,2008,139,69,377,585
233,Peru,2006,116,59,349,524
233,Peru,2004,111,66,356,533
233,Peru,2002,95,77,351,523
234,Petersham,2012,216,146,592,954
234,Petersham,2010,223,140,588,951
234,Petersham,2008,201,144,601,946
234,Petersham,2006,201,138,607,946
234,Petersham,2004,210,144,571,925
234,Petersham,2002,161,144,531,836
235,Phillipston,2012,216,145,808,"1,169"
235,Phillipston,2010,204,134,839,"1,177"
235,Phillipston,2008,204,131,857,"1,192"
235,Phillipston,2006,179,133,790,"1,102"
235,Phillipston,2004,178,134,744,"1,056"
235,Phillipston,2002,148,114,710,972
236,Pittsfield,2012,"13,169","2,794","13,928","29,891"
236,Pittsfield,2010,"13,065","2,805","12,996","28,866"
236,Pittsfield,2008,"13,468","3,173","13,439","30,080"
236,Pittsfield,2006,"12,954","3,233","12,536","28,723"
236,Pittsfield,2004,"13,363","3,513","12,684","29,560"
236,Pittsfield,2002,"12,540","3,546","12,349","28,435"
237,Plainfield,2012,125,35,309,469
237,Plainfield,2010,120,37,294,451
237,Plainfield,2008,114,38,278,430
237,Plainfield,2006,104,36,264,404
237,Plainfield,2004,118,48,296,462
237,Plainfield,2002,115,57,293,465
238,Plainville,2012,"1,223",850,"3,737","5,810"
238,Plainville,2010,"1,226",833,"3,505","5,564"
238,Plainville,2008,"1,282",890,"3,473","5,645"
238,Plainville,2006,"1,223",896,"3,143","5,262"
238,Plainville,2004,"1,233",935,"3,151","5,319"
238,Plainville,2002,"1,022",862,"3,091","4,975"
239,Plymouth,2012,"9,433","5,647","23,954","39,034"
239,Plymouth,2010,"9,418","5,411","22,841","37,670"
239,Plymouth,2008,"9,593","5,457","22,774","37,824"
239,Plymouth,2006,"8,997","5,444","21,287","35,728"
239,Plymouth,2004,"8,894","5,574","20,975","35,443"
239,Plymouth,2002,"8,185","5,200","20,429","33,814"
240,Plympton,2012,338,307,"1,438","2,083"
240,Plympton,2010,344,291,"1,401","2,036"
240,Plympton,2008,353,297,"1,365","2,015"
240,Plympton,2006,354,315,"1,272","1,941"
240,Plympton,2004,362,323,"1,302","1,987"
240,Plympton,2002,330,291,"1,245","1,866"
241,Princeton,2012,503,446,"1,776","2,725"
241,Princeton,2010,509,468,"1,785","2,762"
241,Princeton,2008,492,457,"1,772","2,721"
241,Princeton,2006,496,459,"1,653","2,608"
241,Princeton,2004,485,469,"1,612","2,566"
241,Princeton,2002,446,482,"1,534","2,462"
242,Provincetown,2012,"1,711",90,"1,145","2,946"
242,Provincetown,2010,"1,649",94,"1,114","2,857"
242,Provincetown,2008,"1,699",102,"1,157","2,958"
242,Provincetown,2006,"1,689",115,"1,235","3,039"
242,Provincetown,2004,"1,890",149,"1,353","3,392"
242,Provincetown,2002,"1,603",176,"1,340","3,119"
243,Quincy,2012,"26,054","6,110","30,831","62,995"
243,Quincy,2010,"26,830","6,404","29,823","63,057"
243,Quincy,2008,"27,789","6,812","28,618","63,219"
243,Quincy,2006,"26,539","6,801","25,103","58,443"
243,Quincy,2004,"28,941","7,882","25,986","62,809"
243,Quincy,2002,"30,138","9,117","24,923","64,178"
244,Randolph,2012,"10,262","1,193","8,784","20,239"
244,Randolph,2010,"9,608","1,210","8,466","19,284"
244,Randolph,2008,"9,632","1,277","8,661","19,570"
244,Randolph,2006,"8,626","1,255","7,976","17,857"
244,Randolph,2004,"8,525","1,304","7,800","17,629"
244,Randolph,2002,"8,143","1,358","8,103","17,604"
245,Raynham,2012,"2,298","1,381","6,060","9,739"
245,Raynham,2010,"2,292","1,287","5,720","9,299"
245,Raynham,2008,"2,345","1,301","5,637","9,283"
245,Raynham,2006,"2,117","1,244","5,227","8,588"
245,Raynham,2004,"2,101","1,297","5,350","8,748"
245,Raynham,2002,"1,961","1,220","4,972","8,153"
246,Reading,2012,"5,358","2,780","9,369","17,507"
246,Reading,2010,"5,347","2,711","8,782","16,840"
246,Reading,2008,"5,640","2,777","8,487","16,904"
246,Reading,2006,"5,676","2,952","7,879","16,507"
246,Reading,2004,"5,792","3,096","7,567","16,455"
246,Reading,2002,"5,064","3,170","7,899","16,133"
247,Rehoboth,2012,"1,595","1,439","5,490","8,524"
247,Rehoboth,2010,"1,638","1,404","5,412","8,454"
247,Rehoboth,2008,"1,547","1,381","5,245","8,173"
247,Rehoboth,2006,"1,445","1,438","5,073","7,956"
247,Rehoboth,2004,"1,355","1,426","4,857","7,638"
247,Rehoboth,2002,"1,137","1,342","4,595","7,074"
248,Revere,2012,"12,622","1,925","11,637","26,184"
248,Revere,2010,"12,140","1,801","10,573","24,514"
248,Revere,2008,"12,513","1,837","10,388","24,738"
248,Revere,2006,"12,249","1,895","9,710","23,854"
248,Revere,2004,"13,066","2,046","9,782","24,894"
248,Revere,2002,"13,178","2,097","9,822","25,097"
249,Richmond,2012,390,114,651,"1,155"
249,Richmond,2010,397,131,660,"1,188"
249,Richmond,2008,369,137,636,"1,142"
249,Richmond,2006,342,160,627,"1,129"
249,Richmond,2004,336,181,640,"1,157"
249,Richmond,2002,297,191,664,"1,152"
250,Rochester,2012,783,708,"2,545","4,036"
250,Rochester,2010,766,702,"2,472","3,940"
250,Rochester,2008,766,700,"2,421","3,887"
250,Rochester,2006,703,698,"2,246","3,647"
250,Rochester,2004,662,661,"2,150","3,473"
250,Rochester,2002,617,611,"1,998","3,226"
251,Rockland,2012,"3,393","1,321","7,720","12,434"
251,Rockland,2010,"3,342","1,292","7,343","11,977"
251,Rockland,2008,"3,349","1,231","7,112","11,692"
251,Rockland,2006,"3,274","1,175","6,643","11,092"
251,Rockland,2004,"3,440","1,265","6,940","11,645"
251,Rockland,2002,"3,274","1,229","6,652","11,155"
252,Rockport,2012,"1,464",604,"3,695","5,763"
252,Rockport,2010,"1,415",605,"3,595","5,615"
252,Rockport,2008,"1,363",614,"3,582","5,559"
252,Rockport,2006,"1,210",666,"3,437","5,313"
252,Rockport,2004,"1,271",778,"3,713","5,762"
252,Rockport,2002,"1,165",782,"3,516","5,463"
253,Rowe,2012,65,36,187,288
253,Rowe,2010,61,39,197,297
253,Rowe,2008,72,39,189,300
253,Rowe,2006,61,37,193,291
253,Rowe,2004,70,42,178,290
253,Rowe,2002,51,52,171,274
254,Rowley,2012,797,736,"2,981","4,514"
254,Rowley,2010,792,678,"2,792","4,262"
254,Rowley,2008,816,722,"2,812","4,350"
254,Rowley,2006,782,755,"2,779","4,316"
254,Rowley,2004,756,746,"2,661","4,163"
254,Rowley,2002,625,684,"2,524","3,833"
255,Royalston,2012,144,109,613,866
255,Royalston,2010,131,111,621,863
255,Royalston,2008,141,112,662,915
255,Royalston,2006,148,120,642,910
255,Royalston,2004,138,105,591,834
255,Royalston,2002,127,105,560,792
256,Russell,2012,200,219,600,"1,019"
256,Russell,2010,200,198,616,"1,014"
256,Russell,2008,216,210,603,"1,029"
256,Russell,2006,176,210,600,986
256,Russell,2004,184,227,630,"1,041"
256,Russell,2002,145,208,581,934
257,Rutland,2012,"1,221",938,"3,688","5,847"
257,Rutland,2010,"1,171",899,"3,378","5,448"
257,Rutland,2008,"1,159",873,"3,189","5,221"
257,Rutland,2006,"1,088",806,"2,744","4,638"
257,Rutland,2004,"1,048",787,"2,614","4,449"
257,Rutland,2002,913,725,"2,466","4,104"
258,Salem,2012,"11,143","2,193","14,918","28,254"
258,Salem,2010,"10,230","1,988","13,213","25,431"
258,Salem,2008,"10,717","2,074","13,462","26,253"
258,Salem,2006,"10,572","2,250","13,274","26,096"
258,Salem,2004,"10,800","2,449","13,396","26,645"
258,Salem,2002,"11,011","3,246","14,500","28,757"
259,Salisbury,2012,"1,441",762,"3,743","5,946"
259,Salisbury,2010,"1,535",776,"3,733","6,044"
259,Salisbury,2008,"1,582",758,"3,607","5,947"
259,Salisbury,2006,"1,498",720,"3,307","5,525"
259,Salisbury,2004,"1,432",706,"3,249","5,387"
259,Salisbury,2002,"1,340",655,"2,943","4,938"
260,Sandisfield,2012,218,78,312,608
260,Sandisfield,2010,214,70,305,589
260,Sandisfield,2008,192,70,306,568
260,Sandisfield,2006,180,72,288,540
260,Sandisfield,2004,184,83,272,539
260,Sandisfield,2002,152,69,269,490
261,Sandwich,2012,"3,353","3,044","9,199","15,596"
261,Sandwich,2010,"3,362","3,008","8,952","15,322"
261,Sandwich,2008,"3,582","3,080","8,987","15,649"
261,Sandwich,2006,"3,577","3,141","8,435","15,153"
261,Sandwich,2004,"3,591","3,239","8,338","15,168"
261,Sandwich,2002,"3,326","3,161","7,968","14,455"
262,Saugus,2012,"5,987","1,795","10,159","17,941"
262,Saugus,2010,"6,176","1,708","9,738","17,622"
262,Saugus,2008,"6,203","1,641","9,193","17,037"
262,Saugus,2006,"6,453","1,775","9,172","17,400"
262,Saugus,2004,"6,731","1,911","9,248","17,890"
262,Saugus,2002,"6,488","1,835","9,077","17,400"
263,Savoy,2012,82,27,352,461
263,Savoy,2010,98,32,378,508
263,Savoy,2008,95,42,400,537
263,Savoy,2006,95,37,369,501
263,Savoy,2004,97,37,365,499
263,Savoy,2002,56,41,351,448
264,Scituate,2012,"3,596","2,306","7,840","13,742"
264,Scituate,2010,"3,578","2,207","7,370","13,155"
264,Scituate,2008,"3,689","2,282","7,369","13,340"
264,Scituate,2006,"3,570","2,329","6,749","12,648"
264,Scituate,2004,"4,036","2,767","7,520","14,323"
264,Scituate,2002,"3,850","2,725","7,517","14,092"
265,Seekonk,2012,"2,166","1,015","6,413","9,594"
265,Seekonk,2010,"2,188","1,000","6,457","9,645"
265,Seekonk,2008,"2,137",968,"6,375","9,480"
265,Seekonk,2006,"1,896",927,"6,198","9,021"
265,Seekonk,2004,"1,852",959,"6,098","8,909"
265,Seekonk,2002,"1,751",882,"6,087","8,720"
266,Sharon,2012,"4,253","1,045","7,463","12,761"
266,Sharon,2010,"4,236","1,006","7,181","12,423"
266,Sharon,2008,"4,237","1,020","7,085","12,342"
266,Sharon,2006,"4,039","1,021","6,532","11,592"
266,Sharon,2004,"4,267","1,103","6,859","12,229"
266,Sharon,2002,"4,239","1,203","6,755","12,197"
267,Sheffield,2012,662,335,"1,259","2,256"
267,Sheffield,2010,640,344,"1,225","2,209"
267,Sheffield,2008,644,365,"1,263","2,272"
267,Sheffield,2006,554,390,"1,181","2,125"
267,Sheffield,2004,586,428,"1,191","2,205"
267,Sheffield,2002,436,448,"1,178","2,062"
268,Shelburne,2012,415,117,831,"1,363"
268,Shelburne,2010,392,136,839,"1,367"
268,Shelburne,2008,414,141,858,"1,413"
268,Shelburne,2006,402,152,787,"1,341"
268,Shelburne,2004,406,175,808,"1,389"
268,Shelburne,2002,328,187,867,"1,382"
269,Sherborn,2012,782,579,"1,763","3,124"
269,Sherborn,2010,771,597,"1,700","3,068"
269,Sherborn,2008,769,648,"1,670","3,087"
269,Sherborn,2006,702,684,"1,537","2,923"
269,Sherborn,2004,712,749,"1,550","3,011"
269,Sherborn,2002,582,792,"1,578","2,952"
270,Shirley,2012,855,533,"2,684","4,072"
270,Shirley,2010,901,510,"2,563","3,974"
270,Shirley,2008,879,494,"2,514","3,887"
270,Shirley,2006,802,475,"2,296","3,573"
270,Shirley,2004,828,503,"2,331","3,662"
270,Shirley,2002,765,482,"2,173","3,420"
271,Shrewsbury,2012,"6,371","3,550","13,200","23,121"
271,Shrewsbury,2010,"6,373","3,542","12,441","22,356"
271,Shrewsbury,2008,"6,559","3,646","12,263","22,468"
271,Shrewsbury,2006,"6,269","3,785","10,950","21,004"
271,Shrewsbury,2004,"6,421","4,032","10,844","21,297"
271,Shrewsbury,2002,"6,016","4,129","10,398","20,543"
272,Shutesbury,2012,662,79,711,"1,452"
272,Shutesbury,2010,643,84,684,"1,411"
272,Shutesbury,2008,653,93,715,"1,461"
272,Shutesbury,2006,604,91,718,"1,413"
272,Shutesbury,2004,596,88,710,"1,394"
272,Shutesbury,2002,486,92,737,"1,315"
273,Somerset,2012,"5,183","1,165","6,996","13,344"
273,Somerset,2010,"5,500","1,175","6,873","13,548"
273,Somerset,2008,"5,556","1,176","6,733","13,465"
273,Somerset,2006,"5,415","1,166","6,241","12,822"
273,Somerset,2004,"5,534","1,205","6,191","12,930"
273,Somerset,2002,"5,249","1,069","5,907","12,225"
274,Somerville,2012,"26,167","2,100","20,406","48,673"
274,Somerville,2010,"23,699","1,889","17,488","43,076"
274,Somerville,2008,"24,456","2,128","18,089","44,673"
274,Somerville,2006,"22,688","2,257","16,279","41,224"
274,Somerville,2004,"23,694","2,604","16,896","43,194"
274,Somerville,2002,"22,703","2,834","17,276","42,813"
275,South Hadley,2012,"3,614","1,313","6,212","11,139"
275,South Hadley,2010,"3,608","1,288","6,122","11,018"
275,South Hadley,2008,"3,721","1,333","6,210","11,264"
275,South Hadley,2006,"3,427","1,323","5,681","10,431"
275,South Hadley,2004,"3,808","1,482","6,191","11,481"
275,South Hadley,2002,"3,422","1,306","5,728","10,456"
276,Southampton,2012,"1,022",596,"2,647","4,265"
276,Southampton,2010,"1,011",549,"2,501","4,061"
276,Southampton,2008,"1,002",556,"2,500","4,058"
276,Southampton,2006,923,573,"2,273","3,769"
276,Southampton,2004,963,586,"2,266","3,815"
276,Southampton,2002,924,623,"2,362","3,909"
277,Southborough,2012,"1,616","1,251","4,184","7,051"
277,Southborough,2010,"1,601","1,226","3,928","6,755"
277,Southborough,2008,"1,617","1,252","3,835","6,704"
277,Southborough,2006,"1,528","1,274","3,399","6,201"
277,Southborough,2004,"1,561","1,345","3,393","6,299"
277,Southborough,2002,"1,409","1,326","3,160","5,895"
278,Southbridge,2012,"4,029","1,019","6,033","11,081"
278,Southbridge,2010,"4,494","1,149","6,393","12,036"
278,Southbridge,2008,"4,590","1,132","6,205","11,927"
278,Southbridge,2006,"4,578","1,102","5,836","11,516"
278,Southbridge,2004,"4,587","1,197","5,582","11,366"
278,Southbridge,2002,"4,345","1,109","5,124","10,578"
279,Southwick,2012,"1,397","1,432","3,523","6,352"
279,Southwick,2010,"1,484","1,405","3,319","6,208"
279,Southwick,2008,"1,642","1,540","3,619","6,801"
279,Southwick,2006,"1,481","1,453","3,290","6,224"
279,Southwick,2004,"1,470","1,431","3,151","6,052"
279,Southwick,2002,"1,379","1,331","2,928","5,638"
280,Spencer,2012,"1,996",980,"4,814","7,790"
280,Spencer,2010,"2,107",959,"4,705","7,771"
280,Spencer,2008,"2,235",978,"4,648","7,861"
280,Spencer,2006,"2,211",965,"4,365","7,541"
280,Spencer,2004,"2,345","1,042","4,409","7,796"
280,Spencer,2002,"2,235","1,027","4,309","7,571"
281,Springfield,2012,"50,791","7,793","35,547","94,131"
281,Springfield,2010,"47,780","8,081","35,759","91,620"
281,Springfield,2008,"44,148","7,734","32,683","84,565"
281,Springfield,2006,"41,911","8,181","32,132","82,224"
281,Springfield,2004,"42,876","8,366","30,771","82,013"
281,Springfield,2002,"44,548","8,891","31,601","85,040"
282,Sterling,2012,"1,083","1,039","3,760","5,882"
282,Sterling,2010,"1,089",999,"3,607","5,695"
282,Sterling,2008,"1,122","1,000","3,548","5,670"
282,Sterling,2006,"1,061","1,025","3,323","5,409"
282,Sterling,2004,"1,103","1,044","3,266","5,413"
282,Sterling,2002,956,984,"3,120","5,060"
283,Stockbridge,2012,680,163,690,"1,533"
283,Stockbridge,2010,648,163,671,"1,482"
283,Stockbridge,2008,655,188,676,"1,519"
283,Stockbridge,2006,615,204,623,"1,442"
283,Stockbridge,2004,653,215,663,"1,531"
283,Stockbridge,2002,619,246,757,"1,622"
284,Stoneham,2012,"4,991","1,663","8,570","15,224"
284,Stoneham,2010,"5,208","1,635","8,263","15,106"
284,Stoneham,2008,"5,445","1,711","8,207","15,363"
284,Stoneham,2006,"5,156","1,714","7,277","14,147"
284,Stoneham,2004,"5,353","1,868","7,307","14,528"
284,Stoneham,2002,"5,202","1,917","7,359","14,478"
285,Stoughton,2012,"6,459","1,654","9,947","18,060"
285,Stoughton,2010,"6,331","1,600","9,640","17,571"
285,Stoughton,2008,"6,423","1,601","9,574","17,598"
285,Stoughton,2006,"6,244","1,726","9,521","17,491"
285,Stoughton,2004,"6,889","2,012","10,340","19,241"
285,Stoughton,2002,"6,546","2,017","10,438","19,001"
286,Stow,2012,"1,151",747,"3,116","5,014"
286,Stow,2010,"1,149",704,"2,916","4,769"
286,Stow,2008,"1,123",744,"2,800","4,667"
286,Stow,2006,"1,024",798,"2,614","4,436"
286,Stow,2004,"1,029",797,"2,641","4,467"
286,Stow,2002,899,747,"2,522","4,168"
287,Sturbridge,2012,"1,614","1,145","3,844","6,603"
287,Sturbridge,2010,"1,660","1,127","3,646","6,433"
287,Sturbridge,2008,"1,712","1,139","3,597","6,448"
287,Sturbridge,2006,"1,630","1,091","3,183","5,904"
287,Sturbridge,2004,"1,603","1,056","3,129","5,788"
287,Sturbridge,2002,"1,429",964,"2,917","5,310"
288,Sudbury,2012,"3,454","2,045","6,871","12,370"
288,Sudbury,2010,"3,380","2,025","6,610","12,015"
288,Sudbury,2008,"3,403","2,113","6,529","12,045"
288,Sudbury,2006,"3,294","2,171","6,240","11,705"
288,Sudbury,2004,"3,288","2,271","6,289","11,848"
288,Sudbury,2002,"2,914","2,224","6,170","11,308"
289,Sunderland,2012,881,217,"1,412","2,510"
289,Sunderland,2010,869,205,"1,290","2,364"
289,Sunderland,2008,940,211,"1,375","2,526"
289,Sunderland,2006,804,212,"1,297","2,313"
289,Sunderland,2004,841,218,"1,357","2,416"
289,Sunderland,2002,667,245,"1,284","2,196"
290,Sutton,2012,"1,187","1,004","4,615","6,806"
290,Sutton,2010,"1,244",967,"4,524","6,735"
290,Sutton,2008,"1,279",937,"4,508","6,724"
290,Sutton,2006,"1,203",887,"4,256","6,346"
290,Sutton,2004,"1,158",829,"4,111","6,098"
290,Sutton,2002,987,720,"3,966","5,673"
291,Swampscott,2012,"3,335","1,169","5,724","10,228"
291,Swampscott,2010,"3,418","1,180","5,674","10,272"
291,Swampscott,2008,"3,538","1,136","5,573","10,247"
291,Swampscott,2006,"3,415","1,106","5,255","9,776"
291,Swampscott,2004,"3,514","1,222","5,488","10,224"
291,Swampscott,2002,"3,274","1,193","5,405","9,872"
292,Swansea,2012,"3,932","1,210","6,693","11,835"
292,Swansea,2010,"3,989","1,146","6,567","11,702"
292,Swansea,2008,"4,103","1,194","6,697","11,994"
292,Swansea,2006,"4,115","1,192","6,355","11,662"
292,Swansea,2004,"4,319","1,279","6,569","12,167"
292,Swansea,2002,"4,165","1,210","6,465","11,840"
293,Taunton,2012,"11,890","3,071","20,106","35,067"
293,Taunton,2010,"11,512","2,750","18,665","32,927"
293,Taunton,2008,"11,856","2,746","18,714","33,316"
293,Taunton,2006,"11,532","2,782","17,960","32,274"
293,Taunton,2004,"12,043","3,034","18,259","33,336"
293,Taunton,2002,"11,599","2,853","17,480","31,932"
294,Templeton,2012,"1,078",655,"3,403","5,136"
294,Templeton,2010,"1,110",606,"3,308","5,024"
294,Templeton,2008,"1,180",600,"3,248","5,028"
294,Templeton,2006,"1,224",585,"3,038","4,847"
294,Templeton,2004,"1,210",558,"2,903","4,671"
294,Templeton,2002,"1,113",516,"2,766","4,395"
295,Tewksbury,2012,"6,042","2,568","12,797","21,407"
295,Tewksbury,2010,"6,134","2,383","11,933","20,450"
295,Tewksbury,2008,"6,234","2,315","11,437","19,986"
295,Tewksbury,2006,"6,290","2,272","10,421","18,983"
295,Tewksbury,2004,"6,403","2,415","10,209","19,027"
295,Tewksbury,2002,"6,082","2,340","9,766","18,188"
296,Tisbury,2012,"1,248",334,"1,782","3,364"
296,Tisbury,2010,"1,168",328,"1,679","3,175"
296,Tisbury,2008,"1,108",335,"1,637","3,080"
296,Tisbury,2006,"1,018",359,"1,487","2,864"
296,Tisbury,2004,"1,022",369,"1,517","2,908"
296,Tisbury,2002,855,372,"1,453","2,680"
297,Tolland,2012,65,85,217,367
297,Tolland,2010,67,80,193,340
297,Tolland,2008,67,78,183,328
297,Tolland,2006,61,75,168,304
297,Tolland,2004,59,69,154,282
297,Tolland,2002,58,69,150,277
298,Topsfield,2012,856,930,"2,905","4,691"
298,Topsfield,2010,806,869,"2,664","4,339"
298,Topsfield,2008,809,905,"2,602","4,316"
298,Topsfield,2006,737,950,"2,456","4,143"
298,Topsfield,2004,740,"1,005","2,491","4,236"
298,Topsfield,2002,680,"1,023","2,399","4,102"
299,Townsend,2012,"1,031","1,035","4,104","6,170"
299,Townsend,2010,"1,079","1,024","4,089","6,192"
299,Townsend,2008,"1,116","1,046","4,182","6,344"
299,Townsend,2006,"1,057","1,005","3,756","5,818"
299,Townsend,2004,"1,047","1,037","3,745","5,829"
299,Townsend,2002,951,969,"3,573","5,493"
300,Truro,2012,670,134,945,"1,749"
300,Truro,2010,643,138,932,"1,713"
300,Truro,2008,631,142,951,"1,724"
300,Truro,2006,625,163,917,"1,705"
300,Truro,2004,635,183,907,"1,725"
300,Truro,2002,525,192,976,"1,693"
301,Tyngsborough,2012,"1,897","1,086","5,230","8,213"
301,Tyngsborough,2010,"1,923","1,085","5,083","8,091"
301,Tyngsborough,2008,"1,964","1,077","4,888","7,929"
301,Tyngsborough,2006,"1,905","1,031","4,415","7,351"
301,Tyngsborough,2004,"1,867",991,"4,186","7,044"
301,Tyngsborough,2002,"1,760",940,"3,902","6,602"
302,Tyringham,2012,80,44,183,307
302,Tyringham,2010,87,35,178,300
302,Tyringham,2008,90,37,186,313
302,Tyringham,2006,65,29,180,274
302,Tyringham,2004,64,34,195,293
302,Tyringham,2002,58,32,174,264
303,Upton,2012,991,836,"3,290","5,117"
303,Upton,2010,996,805,"3,151","4,952"
303,Upton,2008,"1,037",821,"3,137","4,995"
303,Upton,2006,972,794,"2,832","4,598"
303,Upton,2004,"1,000",829,"2,821","4,650"
303,Upton,2002,951,853,"2,811","4,615"
304,Uxbridge,2012,"2,256","1,503","6,306","10,065"
304,Uxbridge,2010,"2,303","1,478","6,157","9,938"
304,Uxbridge,2008,"2,300","1,428","5,802","9,530"
304,Uxbridge,2006,"2,231","1,334","5,293","8,858"
304,Uxbridge,2004,"2,234","1,270","4,997","8,501"
304,Uxbridge,2002,"2,170","1,217","5,005","8,392"
305,Wakefield,2012,"5,275","2,116","9,807","17,198"
305,Wakefield,2010,"5,413","2,037","9,302","16,752"
305,Wakefield,2008,"5,674","2,139","9,290","17,103"
305,Wakefield,2006,"5,776","2,307","8,759","16,842"
305,Wakefield,2004,"5,946","2,450","8,791","17,187"
305,Wakefield,2002,"5,519","2,352","8,285","16,156"
306,Wales,2012,245,182,853,"1,280"
306,Wales,2010,246,181,855,"1,282"
306,Wales,2008,278,171,874,"1,323"
306,Wales,2006,272,161,770,"1,203"
306,Wales,2004,290,165,740,"1,195"
306,Wales,2002,216,122,706,"1,044"
307,Walpole,2012,"4,097","2,338","10,561","16,996"
307,Walpole,2010,"4,186","2,251","9,901","16,338"
307,Walpole,2008,"4,381","2,294","9,819","16,494"
307,Walpole,2006,"4,292","2,337","9,004","15,633"
307,Walpole,2004,"4,299","2,379","8,853","15,531"
307,Walpole,2002,"4,100","2,290","8,650","15,040"
308,Waltham,2012,"12,642","3,249","19,455","35,346"
308,Waltham,2010,"12,556","3,388","19,052","34,996"
308,Waltham,2008,"12,770","3,490","19,088","35,348"
308,Waltham,2006,"11,552","3,295","17,494","32,341"
308,Waltham,2004,"11,935","3,595","17,680","33,210"
308,Waltham,2002,"11,676","3,762","16,938","32,376"
309,Ware,2012,"1,996",755,"3,608","6,359"
309,Ware,2010,"2,100",754,"3,516","6,370"
309,Ware,2008,"2,151",722,"3,413","6,286"
309,Ware,2006,"2,107",703,"3,095","5,905"
309,Ware,2004,"2,357",806,"3,409","6,572"
309,Ware,2002,"2,348",764,"3,207","6,319"
310,Wareham,2012,"4,055","1,754","9,183","14,992"
310,Wareham,2010,"4,246","1,782","9,236","15,264"
310,Wareham,2008,"4,190","1,752","8,841","14,783"
310,Wareham,2006,"3,878","1,747","8,390","14,015"
310,Wareham,2004,"3,939","1,860","8,521","14,320"
310,Wareham,2002,"3,579","1,799","8,277","13,655"
311,Warren,2012,784,436,"1,954","3,174"
311,Warren,2010,825,400,"1,854","3,079"
311,Warren,2008,875,401,"1,815","3,091"
311,Warren,2006,864,387,"1,671","2,922"
311,Warren,2004,965,398,"1,698","3,061"
311,Warren,2002,844,353,"1,549","2,746"
312,Warwick,2012,137,56,368,561
312,Warwick,2010,132,63,341,536
312,Warwick,2008,138,67,334,539
312,Warwick,2006,123,63,308,494
312,Warwick,2004,127,72,319,518
312,Warwick,2002,106,71,319,496
313,Washington,2012,123,32,257,412
313,Washington,2010,141,34,259,434
313,Washington,2008,141,32,249,422
313,Washington,2006,144,35,245,424
313,Washington,2004,132,35,253,420
313,Washington,2002,111,29,253,393
314,Watertown,2012,"9,936","1,697","10,747","22,380"
314,Watertown,2010,"9,832","1,683","9,853","21,368"
314,Watertown,2008,"10,292","1,839","10,141","22,272"
314,Watertown,2006,"9,821","1,875","9,197","20,893"
314,Watertown,2004,"10,100","2,085","9,250","21,435"
314,Watertown,2002,"9,599","2,113","8,981","20,693"
315,Wayland,2012,"2,861","1,234","5,766","9,861"
315,Wayland,2010,"2,951","1,344","5,791","10,086"
315,Wayland,2008,"2,952","1,412","5,665","10,029"
315,Wayland,2006,"2,844","1,502","5,411","9,757"
315,Wayland,2004,"2,874","1,628","5,341","9,843"
315,Wayland,2002,"2,533","1,714","5,369","9,616"
316,Webster,2012,"3,415","1,284","6,853","11,552"
316,Webster,2010,"3,589","1,258","6,689","11,536"
316,Webster,2008,"3,633","1,256","6,524","11,413"
316,Webster,2006,"3,449","1,169","5,963","10,581"
316,Webster,2004,"3,480","1,163","5,766","10,409"
316,Webster,2002,"3,528","1,006","5,267","9,801"
317,Wellesley,2012,"5,692","3,497","9,708","18,897"
317,Wellesley,2010,"5,410","3,405","9,104","17,919"
317,Wellesley,2008,"5,672","3,716","9,490","18,878"
317,Wellesley,2006,"5,205","3,789","8,611","17,605"
317,Wellesley,2004,"5,187","4,014","8,525","17,726"
317,Wellesley,2002,"4,621","4,073","8,107","16,801"
318,Wellfleet,2012,"1,069",276,"1,358","2,703"
318,Wellfleet,2010,"1,004",278,"1,286","2,568"
318,Wellfleet,2008,998,299,"1,328","2,625"
318,Wellfleet,2006,960,314,"1,256","2,530"
318,Wellfleet,2004,928,336,"1,264","2,528"
318,Wellfleet,2002,845,371,"1,303","2,519"
319,Wendell,2012,217,23,436,676
319,Wendell,2010,222,25,427,674
319,Wendell,2008,225,33,444,702
319,Wendell,2006,198,31,411,640
319,Wendell,2004,204,37,430,671
319,Wendell,2002,153,42,425,620
320,Wenham,2012,514,721,"1,645","2,880"
320,Wenham,2010,525,729,"1,523","2,777"
320,Wenham,2008,552,771,"1,520","2,843"
320,Wenham,2006,529,816,"1,420","2,765"
320,Wenham,2004,533,862,"1,401","2,796"
320,Wenham,2002,471,855,"1,279","2,605"
321,West Boylston,2012,"1,045",697,"3,328","5,070"
321,West Boylston,2010,"1,055",681,"3,199","4,935"
321,West Boylston,2008,"1,054",664,"3,150","4,868"
321,West Boylston,2006,"1,019",696,"3,033","4,748"
321,West Boylston,2004,"1,006",744,"3,024","4,774"
321,West Boylston,2002,851,686,"2,836","4,373"
322,West Bridgewater,2012,"1,135",863,"3,150","5,148"
322,West Bridgewater,2010,"1,136",849,"3,087","5,072"
322,West Bridgewater,2008,"1,156",865,"3,042","5,063"
322,West Bridgewater,2006,"1,123",894,"2,757","4,774"
322,West Bridgewater,2004,"1,163",983,"2,697","4,843"
322,West Bridgewater,2002,"1,079",974,"2,686","4,739"
323,West Brookfield,2012,581,383,"1,541","2,505"
323,West Brookfield,2010,613,392,"1,591","2,596"
323,West Brookfield,2008,605,397,"1,625","2,627"
323,West Brookfield,2006,621,410,"1,588","2,619"
323,West Brookfield,2004,629,403,"1,574","2,606"
323,West Brookfield,2002,532,391,"1,501","2,424"
324,West Newbury,2012,733,647,"1,801","3,181"
324,West Newbury,2010,792,684,"1,790","3,266"
324,West Newbury,2008,821,696,"1,764","3,281"
324,West Newbury,2006,783,750,"1,583","3,116"
324,West Newbury,2004,799,762,"1,541","3,102"
324,West Newbury,2002,675,750,"1,443","2,868"
325,West Springfield,2012,"5,331","2,501","9,345","17,177"
325,West Springfield,2010,"5,442","2,486","8,997","16,925"
325,West Springfield,2008,"5,716","2,587","9,135","17,438"
325,West Springfield,2006,"5,509","2,594","8,457","16,560"
325,West Springfield,2004,"5,678","2,752","8,394","16,824"
325,West Springfield,2002,"5,523","2,703","8,256","16,482"
326,West Stockbridge,2012,391,77,636,"1,104"
326,West Stockbridge,2010,371,73,607,"1,051"
326,West Stockbridge,2008,394,92,671,"1,157"
326,West Stockbridge,2006,365,98,629,"1,092"
326,West Stockbridge,2004,356,116,658,"1,130"
326,West Stockbridge,2002,301,137,652,"1,090"
327,West Tisbury,2012,968,166,"1,245","2,379"
327,West Tisbury,2010,926,170,"1,206","2,302"
327,West Tisbury,2008,881,164,"1,213","2,258"
327,West Tisbury,2006,789,178,"1,157","2,124"
327,West Tisbury,2004,767,181,"1,172","2,120"
327,West Tisbury,2002,657,173,"1,096","1,926"
328,Westborough,2012,"2,974","1,892","6,691","11,557"
328,Westborough,2010,"2,966","1,953","6,475","11,394"
328,Westborough,2008,"3,135","2,127","6,704","11,966"
328,Westborough,2006,"2,867","2,242","6,203","11,312"
328,Westborough,2004,"2,905","2,428","6,199","11,532"
328,Westborough,2002,"2,755","2,484","5,831","11,070"
329,Westfield,2012,"7,134","4,639","13,110","24,883"
329,Westfield,2010,"7,050","4,464","12,000","23,514"
329,Westfield,2008,"7,390","4,675","12,226","24,291"
329,Westfield,2006,"7,179","4,796","11,293","23,268"
329,Westfield,2004,"7,401","4,993","11,258","23,652"
329,Westfield,2002,"7,033","4,907","10,793","22,733"
330,Westford,2012,"3,567","2,378","10,105","16,050"
330,Westford,2010,"3,525","2,276","9,459","15,260"
330,Westford,2008,"3,548","2,352","9,362","15,262"
330,Westford,2006,"3,445","2,418","8,621","14,484"
330,Westford,2004,"3,443","2,433","8,569","14,445"
330,Westford,2002,"2,924","2,190","8,047","13,161"
331,Westhampton,2012,232,133,885,"1,250"
331,Westhampton,2010,229,126,862,"1,217"
331,Westhampton,2008,240,141,911,"1,292"
331,Westhampton,2006,205,148,874,"1,227"
331,Westhampton,2004,203,131,876,"1,210"
331,Westhampton,2002,181,121,812,"1,114"
332,Westminster,2012,"1,056",924,"3,506","5,486"
332,Westminster,2010,"1,073",906,"3,482","5,461"
332,Westminster,2008,"1,134",899,"3,434","5,467"
332,Westminster,2006,"1,121",871,"3,234","5,226"
332,Westminster,2004,"1,130",884,"3,121","5,135"
332,Westminster,2002,"1,015",814,"3,036","4,865"
333,Weston,2012,"2,010","1,550","4,592","8,152"
333,Weston,2010,"1,958","1,531","4,382","7,871"
333,Weston,2008,"2,018","1,620","4,323","7,961"
333,Weston,2006,"1,883","1,672","3,946","7,501"
333,Weston,2004,"1,948","1,795","4,009","7,752"
333,Weston,2002,"1,762","1,876","4,091","7,729"
334,Westport,2012,"4,443","1,370","5,720","11,533"
334,Westport,2010,"4,642","1,389","5,669","11,700"
334,Westport,2008,"4,674","1,385","5,416","11,475"
334,Westport,2006,"4,512","1,383","5,018","10,913"
334,Westport,2004,"4,485","1,380","4,752","10,617"
334,Westport,2002,"4,595","1,692","4,815","11,102"
335,Westwood,2012,"2,800","1,688","6,132","10,620"
335,Westwood,2010,"2,795","1,643","5,798","10,236"
335,Westwood,2008,"2,810","1,731","5,613","10,154"
335,Westwood,2006,"2,706","1,816","5,010","9,532"
335,Westwood,2004,"2,759","1,918","4,996","9,673"
335,Westwood,2002,"2,570","1,953","4,802","9,325"
336,Weymouth,2012,"11,626","3,664","19,820","35,110"
336,Weymouth,2010,"11,795","3,523","18,922","34,240"
336,Weymouth,2008,"12,254","3,690","18,620","34,564"
336,Weymouth,2006,"11,953","3,817","17,335","33,105"
336,Weymouth,2004,"12,601","4,181","18,025","34,807"
336,Weymouth,2002,"12,713","4,377","17,944","35,034"
337,Whately,2012,346,164,660,"1,170"
337,Whately,2010,339,156,627,"1,122"
337,Whately,2008,355,154,648,"1,157"
337,Whately,2006,361,153,615,"1,129"
337,Whately,2004,381,160,590,"1,131"
337,Whately,2002,336,157,592,"1,085"
338,Whitman,2012,"2,444","1,158","6,314","9,916"
338,Whitman,2010,"2,530","1,105","6,000","9,635"
338,Whitman,2008,"2,546","1,090","5,649","9,285"
338,Whitman,2006,"2,551","1,187","5,432","9,170"
338,Whitman,2004,"2,627","1,227","5,339","9,193"
338,Whitman,2002,"2,447","1,226","5,190","8,863"
339,Wilbraham,2012,"2,932","2,218","5,314","10,464"
339,Wilbraham,2010,"3,039","2,212","5,063","10,314"
339,Wilbraham,2008,"3,125","2,302","5,024","10,451"
339,Wilbraham,2006,"2,993","2,295","4,580","9,868"
339,Wilbraham,2004,"2,961","2,422","4,504","9,887"
339,Wilbraham,2002,"2,722","2,293","4,263","9,278"
340,Williamsburg,2012,729,142,"1,033","1,904"
340,Williamsburg,2010,710,143,"1,050","1,903"
340,Williamsburg,2008,710,170,"1,087","1,967"
340,Williamsburg,2006,644,167,995,"1,806"
340,Williamsburg,2004,628,187,"1,014","1,829"
340,Williamsburg,2002,580,202,993,"1,775"
341,Williamstown,2012,"2,193",352,"2,236","4,781"
341,Williamstown,2010,"2,043",364,"2,164","4,571"
341,Williamstown,2008,"2,060",444,"2,243","4,747"
341,Williamstown,2006,"1,856",499,"2,205","4,560"
341,Williamstown,2004,"1,988",557,"2,373","4,918"
341,Williamstown,2002,"1,695",613,"2,428","4,736"
342,Wilmington,2012,"4,083","1,896","9,546","15,525"
342,Wilmington,2010,"4,355","1,870","9,300","15,525"
342,Wilmington,2008,"4,531","1,959","9,333","15,823"
342,Wilmington,2006,"4,436","1,878","8,684","14,998"
342,Wilmington,2004,"4,514","1,927","8,585","15,026"
342,Wilmington,2002,"4,142","1,779","8,146","14,067"
343,Winchendon,2012,"1,374",872,"4,005","6,251"
343,Winchendon,2010,"1,549",954,"4,255","6,758"
343,Winchendon,2008,"1,571",955,"4,261","6,787"
343,Winchendon,2006,"1,484",892,"3,912","6,288"
343,Winchendon,2004,"1,469",894,"3,789","6,152"
343,Winchendon,2002,"1,308",835,"3,660","5,803"
344,Winchester,2012,"4,609","2,203","8,562","15,374"
344,Winchester,2010,"4,511","2,181","8,045","14,737"
344,Winchester,2008,"4,692","2,388","8,121","15,201"
344,Winchester,2006,"4,578","2,468","7,389","14,435"
344,Winchester,2004,"4,739","2,613","7,288","14,640"
344,Winchester,2002,"4,552","2,725","7,314","14,591"
345,Windsor,2012,168,58,435,661
345,Windsor,2010,166,63,428,657
345,Windsor,2008,157,66,438,661
345,Windsor,2006,155,66,415,636
345,Windsor,2004,147,74,420,641
345,Windsor,2002,119,74,399,592
346,Winthrop,2012,"4,650",989,"5,779","11,418"
346,Winthrop,2010,"4,617",941,"5,503","11,061"
346,Winthrop,2008,"5,167","1,086","5,767","12,020"
346,Winthrop,2006,"4,875","1,061","5,216","11,152"
346,Winthrop,2004,"5,227","1,198","5,512","11,937"
346,Winthrop,2002,"5,080","1,156","5,417","11,653"
347,Woburn,2012,"9,192","2,714","13,671","25,577"
347,Woburn,2010,"9,458","2,594","13,055","25,107"
347,Woburn,2008,"9,686","2,668","12,609","24,963"
347,Woburn,2006,"9,525","2,723","11,474","23,722"
347,Woburn,2004,"9,643","2,776","10,980","23,399"
347,Woburn,2002,"9,184","2,662","10,560","22,406"
348,Worcester,2012,"45,953","9,159","47,948","103,060"
348,Worcester,2010,"42,786","8,557","42,507","93,850"
348,Worcester,2008,"46,395","9,980","46,740","103,115"
348,Worcester,2006,"42,480","9,763","41,608","93,851"
348,Worcester,2004,"45,128","10,925","43,947","100,000"
348,Worcester,2002,"42,279","10,879","42,039","95,197"
349,Worthington,2012,245,99,549,893
349,Worthington,2010,250,102,562,914
349,Worthington,2008,253,112,561,926
349,Worthington,2006,264,121,561,946
349,Worthington,2004,255,131,558,944
349,Worthington,2002,205,135,559,899
350,Wrentham,2012,"1,528","1,477","4,860","7,865"
350,Wrentham,2010,"1,553","1,447","4,603","7,603"
350,Wrentham,2008,"1,664","1,454","4,451","7,569"
350,Wrentham,2006,"1,604","1,402","4,063","7,069"
350,Wrentham,2004,"1,669","1,476","3,997","7,142"
350,Wrentham,2002,"1,418","1,332","4,188","6,938"
351,Yarmouth,2012,"4,750","3,158","10,246","18,154"
351,Yarmouth,2010,"4,817","3,183","9,995","17,995"
351,Yarmouth,2008,"4,889","3,397","10,078","18,364"
351,Yarmouth,2006,"4,715","3,651","9,714","18,080"
351,Yarmouth,2004,"4,826","3,871","9,895","18,592"
351,Yarmouth,2002,"4,463","4,020","9,802","18,285"
